ID,EAP,HPL,MWS
1,0.05,0.01,0.94
2,0.07,0.31,0.62
3,0.42,0.09,0.49
4,0.36,0.42,0.21
5,0.94,0.04,0.02
6,0.12,0.04,0.84
7,0.22,0.10,0.68
8,0.58,0.13,0.29
9,0.02,0.00,0.98
10,0.06,0.02,0.91
11,0.79,0.06,0.14
12,0.98,0.02,0.01
13,0.35,0.64,0.01
14,0.17,0.02,0.81
15,0.16,0.78,0.06
16,0.76,0.12,0.12
17,0.60,0.28,0.12
18,0.62,0.10,0.28
19,0.04,0.94,0.02
20,0.99,0.01,0.01
21,0.93,0.03,0.04
22,0.86,0.09,0.06
23,0.59,0.05,0.37
24,0.82,0.05,0.13
25,0.07,0.11,0.81
26,0.25,0.69,0.06
27,0.15,0.16,0.69
28,0.36,0.17,0.48
29,0.90,0.07,0.03
30,0.09,0.10,0.81
31,0.08,0.04,0.88
32,0.47,0.07,0.46
33,0.20,0.41,0.39
34,0.08,0.11,0.81
35,0.53,0.42,0.05
36,0.59,0.09,0.32
37,0.08,0.17,0.74
38,0.03,0.96,0.01
39,0.24,0.74,0.02
40,0.49,0.48,0.03
41,0.71,0.25,0.04
42,0.86,0.01,0.13
43,0.65,0.28,0.07
44,0.71,0.23,0.06
45,0.17,0.01,0.82
46,0.86,0.12,0.02
47,0.86,0.09,0.05
48,0.05,0.02,0.92
49,0.95,0.02,0.03
50,0.16,0.10,0.74
51,0.10,0.81,0.09
52,0.14,0.06,0.80
53,0.41,0.57,0.02
54,0.19,0.03,0.79
55,0.42,0.51,0.07
56,0.69,0.28,0.03
57,0.15,0.82,0.03
58,0.40,0.42,0.18
59,0.10,0.85,0.05
60,0.88,0.03,0.09
61,0.48,0.50,0.02
62,0.88,0.06,0.05
63,0.98,0.01,0.01
64,0.84,0.07,0.09
65,0.26,0.70,0.05
66,0.83,0.11,0.06
67,0.43,0.03,0.55
68,0.03,0.00,0.97
69,0.27,0.54,0.19
70,0.48,0.45,0.07
71,0.05,0.94,0.01
72,0.93,0.05,0.03
73,0.84,0.10,0.05
74,0.09,0.01,0.90
75,0.08,0.91,0.02
76,0.65,0.03,0.32
77,0.01,0.99,0.00
78,0.04,0.01,0.95
79,0.85,0.11,0.05
80,0.82,0.13,0.05
81,0.07,0.31,0.62
82,0.04,0.95,0.01
83,0.69,0.22,0.09
84,0.19,0.81,0.00
85,0.44,0.04,0.52
86,0.61,0.08,0.31
87,0.93,0.07,0.01
88,0.04,0.93,0.03
89,0.11,0.87,0.02
90,0.01,0.98,0.01
91,0.79,0.10,0.12
92,0.73,0.04,0.23
93,0.06,0.02,0.93
94,0.14,0.23,0.63
95,0.44,0.03,0.53
96,0.95,0.03,0.03
97,0.98,0.02,0.00
98,0.95,0.03,0.02
99,0.10,0.89,0.01
100,0.10,0.38,0.52
101,0.40,0.27,0.33
102,0.70,0.20,0.09
103,0.86,0.03,0.11
104,0.97,0.01,0.03
105,0.60,0.37,0.02
106,0.74,0.20,0.05
107,0.92,0.04,0.04
108,0.92,0.04,0.04
109,0.21,0.33,0.47
110,0.03,0.02,0.96
111,0.89,0.09,0.02
112,0.75,0.16,0.08
113,0.17,0.04,0.79
114,0.84,0.03,0.13
115,0.71,0.02,0.27
116,0.94,0.05,0.01
117,0.46,0.23,0.32
118,0.95,0.03,0.02
119,0.76,0.17,0.07
120,0.96,0.01,0.03
121,0.09,0.31,0.61
122,0.98,0.02,0.01
123,0.01,0.00,0.98
124,0.70,0.05,0.25
125,0.93,0.07,0.01
126,0.11,0.86,0.04
127,0.20,0.46,0.34
128,0.31,0.62,0.06
129,0.80,0.07,0.13
130,0.53,0.32,0.15
131,0.49,0.47,0.04
132,0.52,0.39,0.09
133,0.14,0.08,0.78
134,0.57,0.06,0.38
135,0.74,0.23,0.03
136,0.02,0.00,0.98
137,0.78,0.09,0.13
138,0.65,0.09,0.26
139,0.58,0.02,0.39
140,0.98,0.02,0.00
141,0.92,0.06,0.02
142,0.91,0.07,0.02
143,0.07,0.01,0.92
144,0.02,0.95,0.03
145,0.03,0.94,0.02
146,0.90,0.02,0.08
147,0.38,0.44,0.18
148,0.52,0.16,0.32
149,0.85,0.12,0.03
150,0.95,0.01,0.05
151,0.93,0.04,0.04
152,0.64,0.35,0.00
153,0.08,0.84,0.08
154,0.03,0.01,0.96
155,0.73,0.09,0.17
156,0.03,0.96,0.01
157,0.86,0.11,0.03
158,0.36,0.02,0.62
159,0.43,0.50,0.06
160,0.04,0.90,0.06
161,0.46,0.02,0.52
162,0.19,0.08,0.73
163,0.67,0.30,0.03
164,0.53,0.09,0.38
165,0.01,0.98,0.00
166,0.69,0.15,0.17
167,0.07,0.93,0.00
168,0.08,0.90,0.01
169,0.14,0.44,0.42
170,0.95,0.03,0.02
171,0.02,0.94,0.04
172,0.02,0.98,0.01
173,0.06,0.84,0.10
174,0.04,0.27,0.69
175,0.09,0.87,0.05
176,0.33,0.03,0.64
177,0.28,0.02,0.70
178,0.91,0.07,0.02
179,0.07,0.52,0.41
180,0.27,0.01,0.72
181,0.04,0.95,0.01
182,0.43,0.52,0.05
183,0.23,0.18,0.59
184,0.90,0.07,0.02
185,0.82,0.15,0.03
186,0.30,0.62,0.08
187,0.81,0.08,0.10
188,0.17,0.81,0.02
189,0.27,0.67,0.06
190,0.04,0.02,0.94
191,0.90,0.08,0.03
192,0.18,0.80,0.02
193,0.03,0.01,0.96
194,0.94,0.04,0.02
195,0.14,0.83,0.03
196,0.10,0.44,0.46
197,0.61,0.33,0.06
198,0.95,0.04,0.01
199,0.04,0.06,0.90
200,0.54,0.41,0.05
201,0.91,0.06,0.03
202,0.89,0.07,0.04
203,0.58,0.37,0.05
204,0.30,0.51,0.18
205,0.14,0.65,0.21
206,0.81,0.07,0.12
207,0.10,0.07,0.83
208,0.59,0.36,0.05
209,0.96,0.02,0.02
210,0.87,0.11,0.02
211,0.48,0.01,0.51
212,0.94,0.02,0.04
213,0.06,0.02,0.92
214,0.05,0.04,0.91
215,0.40,0.10,0.50
216,0.02,0.00,0.98
217,0.91,0.05,0.04
218,0.64,0.04,0.32
219,0.35,0.12,0.53
220,0.22,0.73,0.05
221,0.19,0.79,0.01
222,0.07,0.01,0.92
223,0.79,0.10,0.12
224,0.32,0.39,0.30
225,0.95,0.02,0.04
226,0.72,0.02,0.26
227,0.79,0.02,0.19
228,0.05,0.92,0.03
229,0.39,0.58,0.03
230,0.93,0.05,0.03
231,0.48,0.43,0.09
232,0.02,0.98,0.00
233,0.12,0.04,0.84
234,0.88,0.08,0.04
235,0.94,0.03,0.03
236,0.91,0.08,0.01
237,0.16,0.04,0.80
238,0.06,0.00,0.94
239,0.06,0.05,0.89
240,0.04,0.93,0.03
241,0.34,0.06,0.60
242,0.99,0.01,0.01
243,0.79,0.20,0.01
244,0.02,0.97,0.01
245,0.34,0.65,0.01
246,0.19,0.24,0.56
247,0.64,0.03,0.33
248,0.05,0.00,0.95
249,0.53,0.10,0.37
250,0.58,0.29,0.13
251,0.04,0.95,0.02
252,0.36,0.61,0.03
253,0.30,0.41,0.29
254,0.15,0.83,0.02
255,0.04,0.02,0.94
256,0.28,0.70,0.02
257,0.93,0.04,0.03
258,0.84,0.04,0.12
259,0.07,0.80,0.13
260,0.94,0.05,0.01
261,0.05,0.04,0.91
262,0.29,0.11,0.59
263,0.44,0.50,0.06
264,0.16,0.03,0.81
265,0.91,0.05,0.04
266,0.10,0.16,0.74
267,0.05,0.07,0.87
268,0.07,0.01,0.92
269,0.90,0.08,0.01
270,0.98,0.00,0.01
271,0.72,0.06,0.23
272,0.94,0.03,0.03
273,0.54,0.38,0.08
274,0.63,0.23,0.14
275,0.06,0.00,0.93
276,0.20,0.20,0.60
277,0.01,0.98,0.00
278,0.16,0.02,0.82
279,0.30,0.10,0.60
280,0.04,0.94,0.02
281,0.03,0.91,0.06
282,0.07,0.01,0.92
283,0.07,0.00,0.93
284,0.89,0.05,0.06
285,0.09,0.01,0.91
286,0.22,0.32,0.46
287,0.01,0.99,0.00
288,0.91,0.05,0.03
289,0.08,0.34,0.59
290,0.34,0.07,0.58
291,0.50,0.05,0.46
292,0.03,0.97,0.01
293,0.21,0.03,0.76
294,0.28,0.56,0.16
295,0.03,0.01,0.96
296,0.65,0.05,0.30
297,0.94,0.03,0.02
298,0.28,0.62,0.10
299,0.06,0.89,0.05
300,0.01,0.98,0.01
301,0.11,0.06,0.83
302,0.94,0.05,0.01
303,0.06,0.23,0.71
304,0.03,0.96,0.01
305,0.05,0.90,0.06
306,0.03,0.00,0.97
307,0.01,0.99,0.01
308,0.02,0.97,0.01
309,0.12,0.65,0.23
310,0.07,0.02,0.91
311,0.48,0.46,0.07
312,0.03,0.96,0.00
313,0.11,0.85,0.04
314,0.10,0.86,0.04
315,0.01,0.00,0.99
316,0.61,0.18,0.20
317,0.65,0.28,0.07
318,0.16,0.80,0.04
319,0.06,0.06,0.89
320,0.02,0.98,0.00
321,0.04,0.03,0.93
322,0.25,0.60,0.15
323,0.07,0.04,0.89
324,0.56,0.08,0.36
325,0.90,0.05,0.05
326,0.56,0.21,0.24
327,0.52,0.28,0.20
328,0.04,0.01,0.95
329,0.10,0.01,0.89
330,0.25,0.27,0.47
331,0.88,0.08,0.04
332,0.01,0.99,0.00
333,0.68,0.22,0.10
334,0.20,0.76,0.04
335,0.06,0.01,0.93
336,0.49,0.41,0.11
337,0.19,0.75,0.05
338,0.20,0.55,0.25
339,0.22,0.57,0.21
340,0.86,0.10,0.05
341,0.26,0.11,0.62
342,0.11,0.79,0.10
343,0.31,0.60,0.09
344,0.01,0.99,0.00
345,0.16,0.11,0.72
346,0.87,0.07,0.06
347,0.97,0.01,0.02
348,0.77,0.09,0.14
349,0.58,0.40,0.02
350,0.82,0.04,0.14
351,0.19,0.07,0.74
352,0.02,0.00,0.98
353,0.00,0.00,1.00
354,0.16,0.74,0.11
355,0.96,0.02,0.01
356,0.12,0.80,0.08
357,0.27,0.32,0.41
358,0.05,0.92,0.02
359,0.96,0.01,0.03
360,0.45,0.04,0.51
361,0.05,0.00,0.94
362,0.16,0.75,0.10
363,0.17,0.03,0.80
364,0.00,0.00,1.00
365,0.38,0.17,0.44
366,0.94,0.06,0.00
367,0.01,0.98,0.00
368,0.50,0.02,0.48
369,0.99,0.00,0.00
370,0.21,0.76,0.03
371,0.15,0.03,0.82
372,0.53,0.37,0.10
373,0.09,0.06,0.86
374,0.20,0.67,0.13
375,0.06,0.90,0.04
376,0.10,0.84,0.07
377,0.90,0.03,0.06
378,0.69,0.19,0.12
379,0.21,0.51,0.28
380,0.01,0.99,0.00
381,0.43,0.01,0.55
382,0.01,0.01,0.98
383,0.56,0.41,0.03
384,0.03,0.00,0.97
385,0.33,0.05,0.63
386,0.90,0.06,0.03
387,0.37,0.04,0.59
388,0.02,0.97,0.00
389,0.06,0.08,0.86
390,0.05,0.94,0.01
391,0.72,0.17,0.11
392,0.25,0.73,0.02
393,0.04,0.94,0.02
394,0.38,0.01,0.61
395,0.87,0.10,0.03
396,0.67,0.18,0.16
397,0.27,0.08,0.65
398,0.19,0.54,0.27
399,0.45,0.39,0.16
400,0.39,0.49,0.12
401,0.82,0.02,0.17
402,0.02,0.01,0.97
403,0.42,0.14,0.44
404,0.09,0.02,0.89
405,0.26,0.66,0.08
406,0.92,0.06,0.03
407,0.49,0.09,0.43
408,0.28,0.58,0.13
409,0.46,0.27,0.27
410,0.06,0.92,0.02
411,0.32,0.01,0.68
412,0.15,0.02,0.83
413,0.05,0.01,0.95
414,0.92,0.04,0.03
415,0.08,0.71,0.21
416,0.43,0.08,0.49
417,0.04,0.00,0.95
418,0.68,0.04,0.28
419,0.23,0.21,0.57
420,0.38,0.02,0.60
421,0.95,0.03,0.02
422,0.05,0.01,0.95
423,0.24,0.46,0.30
424,0.86,0.08,0.06
425,0.30,0.42,0.28
426,0.05,0.02,0.93
427,0.91,0.02,0.07
428,0.03,0.02,0.95
429,0.25,0.01,0.74
430,0.91,0.01,0.08
431,0.75,0.07,0.18
432,0.12,0.14,0.74
433,0.03,0.01,0.96
434,0.81,0.09,0.10
435,0.80,0.14,0.06
436,0.28,0.69,0.04
437,0.35,0.56,0.09
438,0.25,0.15,0.60
439,0.82,0.01,0.17
440,0.80,0.03,0.17
441,0.90,0.04,0.06
442,0.03,0.95,0.02
443,0.68,0.11,0.22
444,0.59,0.15,0.26
445,0.02,0.00,0.98
446,0.78,0.08,0.14
447,0.09,0.83,0.08
448,0.42,0.34,0.24
449,0.11,0.79,0.09
450,0.75,0.20,0.05
451,0.86,0.10,0.04
452,0.90,0.06,0.04
453,0.15,0.03,0.82
454,0.79,0.08,0.13
455,0.54,0.19,0.28
456,0.96,0.01,0.03
457,0.92,0.04,0.04
458,0.90,0.03,0.08
459,0.26,0.11,0.63
460,0.06,0.01,0.93
461,0.96,0.03,0.01
462,0.30,0.62,0.08
463,0.23,0.02,0.75
464,0.23,0.70,0.08
465,0.72,0.04,0.24
466,0.03,0.96,0.01
467,0.08,0.87,0.05
468,0.78,0.05,0.17
469,0.29,0.05,0.66
470,0.45,0.05,0.50
471,0.95,0.03,0.02
472,0.14,0.79,0.07
473,0.92,0.03,0.05
474,0.17,0.20,0.63
475,0.05,0.78,0.16
476,0.79,0.07,0.14
477,0.22,0.01,0.77
478,0.35,0.02,0.62
479,0.43,0.50,0.08
480,0.96,0.02,0.02
481,0.29,0.52,0.19
482,0.95,0.02,0.03
483,0.08,0.04,0.88
484,0.08,0.14,0.78
485,0.02,0.00,0.97
486,0.82,0.15,0.03
487,0.79,0.12,0.09
488,0.98,0.01,0.01
489,0.12,0.84,0.04
490,0.04,0.01,0.95
491,0.03,0.93,0.04
492,0.02,0.02,0.96
493,0.74,0.12,0.13
494,0.65,0.26,0.09
495,0.93,0.00,0.07
496,0.88,0.11,0.02
497,0.83,0.11,0.06
498,0.36,0.29,0.35
499,0.80,0.18,0.02
500,0.92,0.02,0.06
501,0.02,0.01,0.98
502,0.63,0.19,0.18
503,0.94,0.03,0.04
504,0.17,0.23,0.61
505,0.90,0.02,0.08
506,0.73,0.15,0.13
507,0.74,0.21,0.05
508,0.06,0.93,0.02
509,0.62,0.28,0.09
510,0.98,0.02,0.01
511,0.71,0.22,0.07
512,0.02,0.01,0.98
513,0.81,0.16,0.03
514,0.05,0.00,0.95
515,0.13,0.81,0.06
516,0.11,0.00,0.89
517,0.12,0.86,0.02
518,0.32,0.39,0.29
519,0.10,0.85,0.05
520,0.16,0.04,0.80
521,0.85,0.13,0.03
522,0.73,0.06,0.21
523,0.93,0.04,0.04
524,0.98,0.00,0.01
525,0.77,0.09,0.15
526,0.39,0.03,0.58
527,0.89,0.06,0.04
528,0.10,0.09,0.81
529,0.08,0.03,0.89
530,0.97,0.02,0.01
531,0.87,0.09,0.03
532,0.39,0.11,0.49
533,0.64,0.29,0.07
534,0.63,0.35,0.02
535,0.49,0.12,0.39
536,0.15,0.78,0.07
537,0.03,0.96,0.02
538,0.18,0.06,0.76
539,0.34,0.09,0.57
540,0.50,0.45,0.05
541,0.47,0.32,0.21
542,0.03,0.01,0.96
543,0.83,0.12,0.05
544,0.81,0.08,0.11
545,0.02,0.01,0.97
546,0.69,0.11,0.21
547,0.06,0.04,0.90
548,0.33,0.25,0.42
549,0.16,0.05,0.79
550,0.12,0.20,0.68
551,0.78,0.06,0.16
552,0.12,0.20,0.68
553,0.01,0.99,0.00
554,0.90,0.02,0.07
555,0.82,0.09,0.09
556,0.22,0.71,0.07
557,0.85,0.06,0.08
558,0.01,0.98,0.01
559,0.78,0.09,0.14
560,0.06,0.48,0.46
561,0.86,0.04,0.10
562,0.09,0.01,0.90
563,0.37,0.50,0.13
564,0.86,0.12,0.03
565,0.88,0.09,0.03
566,0.59,0.07,0.34
567,0.66,0.23,0.11
568,0.06,0.06,0.88
569,0.54,0.09,0.37
570,0.18,0.79,0.02
571,0.02,0.97,0.00
572,0.20,0.75,0.05
573,0.23,0.41,0.36
574,0.07,0.90,0.03
575,0.22,0.59,0.18
576,0.55,0.42,0.03
577,0.94,0.05,0.01
578,0.59,0.16,0.25
579,0.18,0.76,0.05
580,0.02,0.01,0.97
581,0.63,0.17,0.20
582,0.69,0.27,0.04
583,0.09,0.03,0.88
584,0.74,0.14,0.12
585,0.35,0.11,0.54
586,0.02,0.01,0.97
587,0.01,0.99,0.00
588,0.62,0.24,0.13
589,0.79,0.17,0.04
590,0.71,0.17,0.12
591,0.30,0.03,0.67
592,0.06,0.04,0.90
593,0.05,0.02,0.93
594,0.24,0.25,0.51
595,0.01,0.98,0.01
596,0.60,0.34,0.06
597,0.80,0.17,0.02
598,0.24,0.60,0.16
599,0.82,0.10,0.08
600,0.29,0.23,0.48
601,0.87,0.05,0.07
602,0.75,0.04,0.21
603,0.21,0.04,0.74
604,0.80,0.16,0.04
605,0.83,0.15,0.01
606,0.06,0.82,0.12
607,0.45,0.04,0.51
608,0.60,0.34,0.06
609,0.02,0.00,0.98
610,0.07,0.02,0.91
611,0.11,0.87,0.02
612,0.38,0.00,0.61
613,0.47,0.50,0.03
614,0.00,0.00,1.00
615,0.07,0.68,0.25
616,0.93,0.06,0.01
617,0.97,0.01,0.01
618,0.12,0.87,0.01
619,0.24,0.55,0.22
620,0.01,0.00,0.98
621,0.28,0.02,0.70
622,0.62,0.05,0.32
623,0.56,0.30,0.15
624,0.91,0.02,0.07
625,0.92,0.03,0.05
626,0.04,0.91,0.06
627,0.62,0.34,0.05
628,0.14,0.31,0.55
629,0.90,0.07,0.03
630,0.16,0.81,0.03
631,0.32,0.47,0.21
632,0.01,0.98,0.01
633,0.43,0.03,0.54
634,0.91,0.01,0.08
635,0.91,0.04,0.05
636,0.70,0.01,0.28
637,0.02,0.01,0.97
638,0.49,0.47,0.04
639,0.09,0.89,0.02
640,0.74,0.24,0.02
641,0.70,0.05,0.24
642,0.09,0.05,0.86
643,0.59,0.18,0.22
644,0.04,0.94,0.02
645,0.11,0.09,0.80
646,0.44,0.51,0.04
647,0.03,0.93,0.04
648,0.38,0.08,0.53
649,0.01,0.98,0.01
650,0.93,0.06,0.01
651,0.19,0.78,0.02
652,0.13,0.32,0.55
653,0.08,0.03,0.89
654,0.95,0.03,0.01
655,0.79,0.14,0.07
656,0.50,0.39,0.11
657,0.17,0.71,0.12
658,0.06,0.04,0.90
659,0.04,0.95,0.01
660,0.77,0.04,0.19
661,0.07,0.13,0.80
662,0.83,0.12,0.04
663,0.61,0.09,0.30
664,0.18,0.14,0.68
665,0.62,0.34,0.03
666,0.98,0.02,0.01
667,0.75,0.05,0.20
668,0.83,0.14,0.03
669,0.08,0.13,0.80
670,0.89,0.03,0.08
671,0.02,0.98,0.01
672,0.60,0.20,0.20
673,0.91,0.04,0.04
674,0.97,0.02,0.02
675,0.49,0.36,0.15
676,0.84,0.13,0.03
677,0.52,0.03,0.45
678,0.09,0.10,0.81
679,0.02,0.96,0.02
680,0.02,0.97,0.01
681,0.96,0.02,0.02
682,0.15,0.82,0.03
683,0.60,0.31,0.09
684,0.55,0.40,0.04
685,0.08,0.77,0.14
686,0.47,0.50,0.03
687,0.11,0.88,0.01
688,0.97,0.02,0.01
689,0.91,0.06,0.03
690,0.30,0.05,0.66
691,0.72,0.04,0.24
692,0.89,0.02,0.10
693,0.46,0.22,0.32
694,0.63,0.23,0.15
695,0.87,0.08,0.05
696,0.91,0.06,0.03
697,0.25,0.06,0.69
698,0.18,0.23,0.59
699,0.21,0.08,0.71
700,0.33,0.63,0.04
701,0.19,0.47,0.34
702,0.65,0.23,0.12
703,0.38,0.61,0.01
704,0.05,0.01,0.95
705,0.13,0.01,0.87
706,0.03,0.00,0.97
707,0.44,0.02,0.54
708,0.23,0.47,0.30
709,0.99,0.01,0.00
710,0.01,0.01,0.98
711,0.13,0.13,0.74
712,0.02,0.96,0.01
713,0.91,0.07,0.02
714,0.13,0.85,0.02
715,0.54,0.11,0.35
716,0.81,0.08,0.12
717,0.59,0.11,0.30
718,0.76,0.07,0.18
719,0.02,0.95,0.02
720,0.90,0.07,0.02
721,0.88,0.11,0.02
722,0.03,0.96,0.01
723,0.99,0.00,0.00
724,0.11,0.40,0.49
725,0.12,0.82,0.06
726,0.84,0.08,0.08
727,0.36,0.08,0.56
728,0.37,0.04,0.60
729,0.26,0.60,0.14
730,0.24,0.27,0.49
731,0.62,0.10,0.28
732,0.40,0.40,0.20
733,0.08,0.13,0.78
734,0.04,0.00,0.96
735,0.16,0.81,0.03
736,0.50,0.28,0.22
737,0.88,0.05,0.07
738,0.04,0.95,0.01
739,0.09,0.81,0.10
740,0.17,0.67,0.16
741,0.58,0.40,0.02
742,0.39,0.02,0.59
743,0.65,0.31,0.04
744,0.61,0.01,0.38
745,0.79,0.09,0.12
746,0.04,0.00,0.96
747,0.16,0.03,0.82
748,0.02,0.97,0.01
749,0.42,0.45,0.13
750,0.40,0.57,0.02
751,0.09,0.86,0.05
752,0.88,0.07,0.05
753,0.56,0.02,0.42
754,0.08,0.88,0.04
755,0.16,0.78,0.07
756,0.84,0.01,0.15
757,0.75,0.11,0.14
758,0.91,0.01,0.08
759,0.77,0.16,0.07
760,0.69,0.28,0.03
761,0.89,0.09,0.02
762,0.21,0.75,0.04
763,0.02,0.98,0.00
764,0.61,0.35,0.04
765,0.30,0.12,0.57
766,0.01,0.97,0.02
767,0.91,0.07,0.02
768,0.26,0.70,0.04
769,0.04,0.94,0.02
770,0.35,0.05,0.61
771,0.05,0.02,0.93
772,0.72,0.11,0.17
773,0.77,0.10,0.13
774,0.33,0.64,0.03
775,0.11,0.01,0.89
776,0.04,0.91,0.05
777,0.83,0.02,0.15
778,0.36,0.61,0.03
779,0.14,0.70,0.16
780,0.04,0.22,0.74
781,0.22,0.05,0.73
782,0.06,0.02,0.92
783,0.32,0.05,0.64
784,0.78,0.20,0.03
785,0.10,0.07,0.82
786,0.91,0.06,0.02
787,0.90,0.07,0.03
788,0.10,0.06,0.85
789,0.93,0.01,0.05
790,0.32,0.11,0.58
791,0.65,0.09,0.27
792,0.83,0.02,0.15
793,0.31,0.66,0.03
794,0.95,0.03,0.03
795,0.37,0.04,0.59
796,0.91,0.02,0.07
797,0.05,0.94,0.01
798,0.05,0.92,0.03
799,0.52,0.14,0.33
800,0.76,0.12,0.12
801,0.09,0.01,0.90
802,0.71,0.20,0.09
803,0.85,0.10,0.05
804,0.10,0.86,0.04
805,0.25,0.02,0.73
806,0.03,0.01,0.96
807,0.89,0.02,0.09
808,0.03,0.95,0.02
809,0.15,0.83,0.03
810,0.20,0.77,0.03
811,0.81,0.17,0.02
812,0.77,0.05,0.18
813,0.79,0.04,0.17
814,0.75,0.14,0.10
815,0.52,0.44,0.04
816,0.41,0.04,0.55
817,0.97,0.01,0.02
818,0.88,0.08,0.04
819,0.91,0.05,0.03
820,0.12,0.87,0.01
821,0.45,0.50,0.05
822,0.28,0.53,0.19
823,0.84,0.08,0.07
824,0.13,0.01,0.86
825,0.07,0.03,0.91
826,0.92,0.04,0.05
827,0.57,0.32,0.10
828,0.71,0.12,0.17
829,0.13,0.16,0.71
830,0.92,0.04,0.04
831,0.03,0.96,0.01
832,0.60,0.17,0.23
833,0.02,0.01,0.97
834,0.88,0.06,0.06
835,0.96,0.01,0.04
836,0.88,0.05,0.07
837,0.06,0.02,0.92
838,0.70,0.25,0.05
839,0.93,0.07,0.01
840,0.81,0.05,0.14
841,0.02,0.95,0.02
842,0.04,0.94,0.02
843,0.07,0.05,0.88
844,0.78,0.04,0.18
845,0.08,0.78,0.14
846,0.28,0.48,0.24
847,0.98,0.01,0.01
848,0.90,0.01,0.08
849,0.43,0.19,0.37
850,0.38,0.19,0.43
851,0.78,0.20,0.02
852,0.77,0.15,0.09
853,0.78,0.19,0.03
854,0.22,0.08,0.70
855,0.45,0.54,0.02
856,0.04,0.00,0.95
857,0.15,0.48,0.37
858,0.96,0.03,0.02
859,0.04,0.86,0.09
860,0.66,0.24,0.10
861,0.49,0.24,0.28
862,0.35,0.03,0.62
863,0.06,0.18,0.77
864,0.33,0.17,0.50
865,0.11,0.05,0.83
866,0.22,0.31,0.47
867,0.01,0.98,0.01
868,0.22,0.02,0.75
869,0.70,0.09,0.21
870,0.91,0.07,0.02
871,0.49,0.43,0.09
872,0.50,0.42,0.08
873,0.04,0.95,0.01
874,0.65,0.04,0.31
875,0.06,0.06,0.88
876,0.18,0.70,0.12
877,0.01,0.98,0.00
878,0.94,0.03,0.03
879,0.99,0.00,0.00
880,0.86,0.12,0.03
881,0.86,0.07,0.07
882,0.73,0.24,0.03
883,0.67,0.22,0.10
884,0.83,0.06,0.12
885,0.05,0.04,0.92
886,0.40,0.31,0.29
887,0.12,0.11,0.77
888,0.79,0.20,0.02
889,0.90,0.08,0.02
890,0.98,0.01,0.00
891,0.05,0.03,0.92
892,0.85,0.05,0.10
893,0.90,0.06,0.04
894,0.06,0.01,0.93
895,0.92,0.04,0.04
896,0.39,0.60,0.01
897,0.36,0.51,0.13
898,0.19,0.42,0.40
899,0.07,0.84,0.09
900,0.80,0.11,0.09
901,0.28,0.29,0.43
902,0.61,0.26,0.13
903,0.55,0.30,0.15
904,0.75,0.14,0.11
905,0.10,0.80,0.10
906,0.60,0.32,0.09
907,0.79,0.12,0.09
908,0.20,0.01,0.78
909,0.56,0.29,0.15
910,0.10,0.15,0.75
911,0.82,0.06,0.11
912,0.15,0.09,0.76
913,0.51,0.05,0.44
914,0.07,0.05,0.87
915,0.91,0.04,0.04
916,0.08,0.03,0.89
917,0.01,0.99,0.00
918,0.73,0.07,0.19
919,0.12,0.00,0.87
920,0.51,0.12,0.37
921,0.21,0.75,0.04
922,0.06,0.01,0.93
923,0.03,0.10,0.87
924,0.87,0.06,0.07
925,0.01,0.00,0.99
926,0.81,0.13,0.06
927,0.89,0.06,0.05
928,0.15,0.03,0.82
929,0.06,0.92,0.03
930,0.12,0.04,0.84
931,0.53,0.46,0.01
932,0.04,0.95,0.01
933,0.87,0.09,0.04
934,0.13,0.02,0.85
935,0.04,0.00,0.96
936,0.68,0.21,0.11
937,0.76,0.16,0.07
938,0.83,0.13,0.04
939,0.15,0.10,0.75
940,0.09,0.85,0.06
941,0.68,0.08,0.24
942,0.66,0.18,0.16
943,0.16,0.16,0.69
944,0.93,0.01,0.06
945,0.11,0.04,0.85
946,0.17,0.01,0.83
947,0.28,0.16,0.57
948,0.06,0.04,0.90
949,0.95,0.02,0.03
950,0.38,0.38,0.24
951,0.09,0.01,0.90
952,0.46,0.06,0.47
953,0.02,0.94,0.04
954,0.44,0.48,0.08
955,0.49,0.35,0.16
956,0.75,0.12,0.13
957,0.95,0.02,0.03
958,0.53,0.15,0.32
959,0.23,0.16,0.62
960,0.16,0.07,0.77
961,0.30,0.60,0.10
962,0.38,0.21,0.41
963,0.20,0.06,0.74
964,0.07,0.02,0.91
965,0.05,0.82,0.12
966,0.65,0.07,0.27
967,0.92,0.01,0.07
968,0.12,0.16,0.71
969,0.09,0.91,0.00
970,0.76,0.07,0.17
971,0.38,0.06,0.55
972,0.49,0.02,0.49
973,0.14,0.08,0.78
974,0.41,0.39,0.20
975,0.01,0.99,0.00
976,0.78,0.10,0.12
977,0.03,0.91,0.06
978,0.85,0.01,0.14
979,0.40,0.53,0.07
980,0.06,0.84,0.10
981,0.58,0.04,0.38
982,0.53,0.14,0.33
983,0.09,0.50,0.41
984,0.71,0.09,0.19
985,0.17,0.53,0.30
986,0.83,0.05,0.11
987,0.72,0.06,0.22
988,0.12,0.13,0.75
989,0.06,0.84,0.11
990,0.14,0.15,0.71
991,0.17,0.79,0.04
992,0.06,0.00,0.93
993,0.09,0.78,0.13
994,0.28,0.55,0.17
995,0.92,0.08,0.00
996,0.33,0.27,0.40
997,0.46,0.13,0.41
998,0.23,0.25,0.52
999,0.01,0.99,0.00
1000,0.96,0.03,0.01
1001,0.02,0.98,0.00
1002,0.78,0.15,0.07
1003,0.24,0.67,0.09
1004,0.07,0.01,0.92
1005,0.35,0.43,0.23
1006,0.77,0.15,0.08
1007,0.82,0.16,0.02
1008,0.83,0.10,0.07
1009,0.71,0.25,0.04
1010,0.36,0.24,0.41
1011,0.71,0.21,0.08
1012,0.11,0.14,0.75
1013,0.06,0.90,0.04
1014,0.59,0.21,0.20
1015,0.01,0.96,0.03
1016,0.26,0.09,0.66
1017,0.78,0.08,0.15
1018,0.52,0.43,0.05
1019,0.95,0.01,0.04
1020,0.51,0.11,0.38
1021,0.14,0.85,0.01
1022,0.51,0.44,0.05
1023,0.68,0.24,0.08
1024,0.01,0.97,0.02
1025,0.83,0.10,0.08
1026,0.37,0.61,0.02
1027,0.64,0.30,0.06
1028,0.34,0.04,0.63
1029,0.05,0.80,0.15
1030,0.22,0.07,0.70
1031,0.36,0.02,0.62
1032,0.01,0.98,0.02
1033,0.91,0.08,0.01
1034,0.30,0.10,0.60
1035,0.96,0.02,0.03
1036,0.74,0.10,0.15
1037,0.33,0.48,0.19
1038,0.09,0.03,0.88
1039,0.18,0.74,0.09
1040,0.49,0.01,0.50
1041,0.19,0.04,0.77
1042,0.82,0.13,0.05
1043,0.20,0.66,0.14
1044,0.24,0.15,0.61
1045,0.06,0.93,0.01
1046,0.02,0.00,0.98
1047,0.11,0.08,0.81
1048,0.56,0.38,0.06
1049,0.38,0.01,0.61
1050,0.43,0.03,0.54
1051,0.29,0.37,0.34
1052,0.01,0.98,0.01
1053,0.86,0.02,0.12
1054,0.77,0.02,0.21
1055,0.80,0.05,0.15
1056,0.97,0.02,0.01
1057,0.81,0.11,0.08
1058,0.24,0.73,0.03
1059,0.34,0.62,0.03
1060,0.66,0.32,0.03
1061,0.98,0.01,0.01
1062,0.11,0.83,0.06
1063,0.43,0.09,0.49
1064,0.03,0.97,0.00
1065,0.22,0.02,0.76
1066,0.02,0.01,0.97
1067,0.00,0.99,0.00
1068,0.16,0.03,0.80
1069,0.28,0.03,0.69
1070,0.46,0.28,0.27
1071,0.30,0.64,0.06
1072,0.65,0.33,0.02
1073,0.48,0.02,0.50
1074,0.04,0.00,0.96
1075,0.52,0.02,0.46
1076,0.92,0.04,0.05
1077,0.33,0.62,0.05
1078,0.85,0.12,0.04
1079,0.03,0.96,0.00
1080,0.92,0.06,0.02
1081,0.39,0.57,0.04
1082,0.95,0.03,0.03
1083,0.69,0.28,0.03
1084,0.01,0.00,0.99
1085,0.86,0.12,0.02
1086,0.09,0.77,0.14
1087,0.95,0.02,0.02
1088,0.73,0.12,0.15
1089,0.86,0.11,0.04
1090,0.20,0.02,0.78
1091,0.15,0.05,0.80
1092,0.90,0.02,0.09
1093,0.71,0.02,0.27
1094,0.65,0.01,0.34
1095,0.86,0.12,0.03
1096,0.45,0.31,0.23
1097,0.07,0.54,0.39
1098,0.27,0.62,0.11
1099,0.75,0.06,0.19
1100,0.07,0.14,0.79
1101,0.64,0.33,0.03
1102,0.10,0.00,0.89
1103,0.50,0.02,0.48
1104,0.56,0.08,0.36
1105,0.13,0.87,0.01
1106,0.81,0.12,0.07
1107,0.85,0.05,0.10
1108,0.91,0.04,0.05
1109,0.05,0.02,0.93
1110,0.05,0.01,0.94
1111,0.05,0.93,0.02
1112,0.31,0.01,0.68
1113,0.38,0.47,0.16
1114,0.90,0.07,0.03
1115,0.65,0.04,0.31
1116,0.10,0.14,0.76
1117,0.10,0.03,0.88
1118,0.94,0.05,0.01
1119,0.01,0.98,0.01
1120,0.13,0.03,0.84
1121,0.59,0.30,0.11
1122,0.82,0.14,0.04
1123,0.56,0.21,0.24
1124,0.97,0.01,0.02
1125,0.94,0.03,0.03
1126,0.24,0.51,0.26
1127,0.84,0.10,0.06
1128,0.31,0.02,0.67
1129,0.52,0.33,0.15
1130,0.11,0.77,0.11
1131,0.21,0.72,0.07
1132,0.59,0.08,0.33
1133,0.80,0.10,0.10
1134,0.33,0.65,0.02
1135,0.89,0.06,0.05
1136,0.58,0.37,0.05
1137,0.19,0.14,0.67
1138,0.45,0.28,0.27
1139,0.02,0.98,0.01
1140,0.93,0.01,0.06
1141,0.89,0.03,0.07
1142,0.06,0.02,0.92
1143,0.26,0.10,0.64
1144,0.75,0.05,0.20
1145,0.41,0.55,0.04
1146,0.87,0.02,0.11
1147,0.41,0.31,0.29
1148,0.45,0.42,0.12
1149,0.91,0.05,0.04
1150,0.56,0.36,0.09
1151,0.54,0.43,0.03
1152,0.43,0.01,0.55
1153,0.06,0.93,0.01
1154,0.01,0.99,0.00
1155,0.93,0.06,0.02
1156,0.88,0.08,0.04
1157,0.23,0.02,0.76
1158,0.18,0.01,0.80
1159,0.03,0.00,0.97
1160,0.87,0.07,0.06
1161,0.01,0.00,0.99
1162,0.17,0.01,0.82
1163,0.28,0.07,0.65
1164,0.04,0.00,0.96
1165,0.55,0.05,0.40
1166,0.13,0.04,0.84
1167,0.74,0.02,0.24
1168,0.43,0.08,0.49
1169,0.05,0.53,0.43
1170,0.68,0.11,0.21
1171,0.91,0.01,0.08
1172,0.52,0.46,0.02
1173,0.07,0.01,0.93
1174,0.06,0.94,0.00
1175,0.41,0.14,0.45
1176,0.07,0.04,0.88
1177,0.09,0.64,0.26
1178,0.08,0.87,0.05
1179,0.02,0.00,0.98
1180,0.10,0.07,0.83
1181,0.06,0.92,0.02
1182,0.23,0.67,0.11
1183,0.02,0.00,0.98
1184,0.29,0.12,0.58
1185,0.03,0.96,0.01
1186,0.12,0.01,0.87
1187,0.27,0.08,0.66
1188,0.52,0.43,0.05
1189,0.02,0.95,0.02
1190,0.03,0.95,0.03
1191,0.11,0.82,0.07
1192,0.53,0.27,0.20
1193,0.02,0.97,0.01
1194,0.71,0.26,0.03
1195,0.02,0.03,0.94
1196,0.32,0.28,0.41
1197,0.07,0.82,0.11
1198,0.94,0.04,0.02
1199,0.43,0.03,0.54
1200,0.96,0.02,0.03
1201,0.78,0.13,0.09
1202,0.06,0.81,0.13
1203,0.11,0.85,0.04
1204,0.44,0.03,0.53
1205,0.77,0.12,0.11
1206,0.84,0.03,0.13
1207,0.02,0.97,0.01
1208,0.02,0.01,0.97
1209,0.15,0.05,0.80
1210,0.05,0.92,0.03
1211,0.28,0.36,0.36
1212,0.59,0.34,0.08
1213,0.68,0.13,0.19
1214,0.79,0.18,0.02
1215,0.77,0.21,0.02
1216,0.87,0.03,0.11
1217,0.16,0.77,0.07
1218,0.01,0.99,0.00
1219,0.36,0.36,0.28
1220,0.55,0.33,0.12
1221,0.87,0.08,0.05
1222,0.20,0.01,0.79
1223,0.46,0.52,0.02
1224,0.76,0.14,0.10
1225,0.03,0.01,0.97
1226,0.51,0.47,0.03
1227,0.66,0.32,0.02
1228,0.02,0.96,0.02
1229,0.98,0.00,0.02
1230,0.57,0.13,0.30
1231,0.08,0.88,0.04
1232,0.96,0.03,0.01
1233,0.86,0.08,0.06
1234,0.92,0.06,0.01
1235,0.76,0.01,0.23
1236,0.85,0.12,0.02
1237,0.19,0.65,0.16
1238,0.86,0.04,0.10
1239,0.96,0.01,0.02
1240,0.15,0.35,0.50
1241,0.62,0.24,0.14
1242,0.81,0.15,0.04
1243,0.80,0.16,0.04
1244,0.84,0.02,0.14
1245,0.14,0.44,0.42
1246,0.32,0.07,0.61
1247,0.77,0.18,0.05
1248,0.19,0.79,0.02
1249,0.92,0.04,0.04
1250,0.85,0.12,0.03
1251,0.49,0.18,0.33
1252,0.75,0.17,0.09
1253,0.86,0.08,0.07
1254,0.98,0.01,0.01
1255,0.24,0.68,0.08
1256,0.04,0.10,0.86
1257,0.04,0.96,0.01
1258,0.17,0.02,0.80
1259,0.58,0.27,0.15
1260,0.04,0.90,0.06
1261,0.13,0.84,0.03
1262,0.04,0.01,0.94
1263,0.14,0.01,0.85
1264,0.72,0.24,0.04
1265,0.79,0.05,0.15
1266,0.09,0.04,0.87
1267,0.02,0.01,0.97
1268,0.12,0.86,0.02
1269,0.08,0.06,0.86
1270,0.04,0.02,0.94
1271,0.04,0.00,0.96
1272,0.22,0.14,0.64
1273,0.93,0.03,0.04
1274,0.38,0.55,0.07
1275,0.22,0.73,0.06
1276,0.84,0.05,0.11
1277,0.87,0.08,0.05
1278,0.78,0.17,0.05
1279,0.75,0.14,0.10
1280,0.96,0.02,0.01
1281,0.56,0.39,0.06
1282,0.68,0.30,0.02
1283,0.66,0.33,0.02
1284,0.11,0.85,0.05
1285,0.31,0.65,0.04
1286,0.14,0.67,0.19
1287,0.58,0.15,0.27
1288,0.17,0.05,0.77
1289,0.36,0.53,0.11
1290,0.08,0.08,0.84
1291,0.05,0.91,0.04
1292,0.02,0.95,0.02
1293,0.90,0.08,0.02
1294,0.71,0.25,0.04
1295,0.36,0.53,0.10
1296,0.42,0.07,0.52
1297,0.96,0.01,0.03
1298,0.82,0.16,0.02
1299,0.79,0.10,0.11
1300,0.15,0.81,0.03
1301,0.16,0.04,0.80
1302,0.15,0.73,0.12
1303,0.21,0.10,0.69
1304,0.01,0.98,0.01
1305,0.12,0.48,0.40
1306,0.12,0.80,0.08
1307,0.95,0.03,0.02
1308,0.47,0.03,0.50
1309,0.33,0.29,0.38
1310,0.04,0.92,0.04
1311,0.34,0.01,0.65
1312,0.10,0.88,0.03
1313,0.95,0.03,0.01
1314,0.91,0.03,0.06
1315,0.20,0.05,0.75
1316,0.02,0.00,0.98
1317,0.04,0.02,0.94
1318,0.88,0.10,0.02
1319,0.48,0.09,0.43
1320,0.52,0.33,0.15
1321,0.01,0.97,0.02
1322,0.01,0.97,0.01
1323,0.79,0.19,0.02
1324,0.80,0.05,0.15
1325,0.29,0.70,0.01
1326,0.62,0.21,0.17
1327,0.46,0.23,0.31
1328,0.27,0.03,0.70
1329,0.79,0.02,0.20
1330,0.93,0.06,0.01
1331,0.81,0.01,0.19
1332,0.13,0.85,0.03
1333,0.02,0.95,0.03
1334,0.01,0.98,0.01
1335,0.67,0.08,0.24
1336,0.83,0.10,0.07
1337,0.14,0.03,0.83
1338,0.11,0.75,0.14
1339,0.42,0.41,0.16
1340,0.70,0.23,0.07
1341,0.23,0.03,0.74
1342,0.89,0.08,0.03
1343,0.20,0.03,0.77
1344,0.86,0.12,0.02
1345,0.37,0.04,0.59
1346,0.74,0.04,0.22
1347,0.09,0.90,0.01
1348,0.88,0.08,0.04
1349,0.84,0.15,0.01
1350,0.25,0.12,0.63
1351,0.91,0.01,0.09
1352,0.12,0.09,0.79
1353,0.06,0.08,0.86
1354,0.03,0.94,0.02
1355,0.91,0.03,0.06
1356,0.53,0.23,0.23
1357,0.39,0.49,0.12
1358,0.10,0.46,0.44
1359,0.78,0.16,0.06
1360,0.14,0.02,0.84
1361,0.01,0.98,0.00
1362,0.10,0.18,0.72
1363,0.19,0.64,0.17
1364,0.05,0.01,0.94
1365,0.92,0.05,0.02
1366,0.20,0.06,0.74
1367,0.10,0.86,0.04
1368,0.24,0.04,0.72
1369,0.57,0.07,0.35
1370,0.07,0.10,0.83
1371,0.05,0.01,0.94
1372,0.18,0.60,0.22
1373,0.06,0.03,0.91
1374,0.14,0.24,0.62
1375,0.04,0.95,0.01
1376,0.69,0.25,0.06
1377,0.55,0.30,0.15
1378,0.91,0.07,0.02
1379,0.10,0.64,0.26
1380,0.75,0.15,0.10
1381,0.03,0.02,0.95
1382,0.02,0.01,0.97
1383,0.92,0.03,0.04
1384,0.87,0.01,0.12
1385,0.09,0.05,0.86
1386,0.15,0.13,0.72
1387,0.41,0.56,0.02
1388,0.45,0.45,0.10
1389,0.10,0.00,0.90
1390,0.09,0.90,0.01
1391,0.04,0.15,0.80
1392,0.53,0.43,0.04
1393,0.08,0.00,0.91
1394,0.09,0.00,0.91
1395,0.93,0.05,0.02
1396,0.15,0.59,0.26
1397,0.89,0.05,0.07
1398,0.04,0.01,0.95
1399,0.02,0.95,0.02
1400,0.67,0.08,0.24
1401,0.27,0.45,0.28
1402,0.06,0.92,0.02
1403,0.48,0.20,0.32
1404,0.70,0.21,0.08
1405,0.12,0.86,0.02
1406,0.06,0.93,0.02
1407,0.80,0.15,0.04
1408,0.26,0.02,0.72
1409,0.05,0.94,0.01
1410,0.00,1.00,0.00
1411,0.92,0.04,0.04
1412,0.87,0.04,0.10
1413,0.60,0.13,0.28
1414,0.97,0.01,0.03
1415,0.46,0.08,0.46
1416,0.44,0.17,0.39
1417,0.17,0.82,0.01
1418,0.08,0.84,0.08
1419,0.63,0.26,0.11
1420,0.52,0.18,0.30
1421,0.16,0.69,0.15
1422,0.04,0.92,0.04
1423,0.26,0.01,0.73
1424,0.98,0.01,0.00
1425,0.55,0.01,0.44
1426,0.04,0.01,0.94
1427,0.68,0.18,0.14
1428,0.10,0.47,0.43
1429,0.87,0.11,0.02
1430,0.88,0.05,0.07
1431,0.02,0.01,0.97
1432,0.11,0.20,0.70
1433,0.39,0.04,0.58
1434,0.40,0.01,0.59
1435,0.42,0.02,0.55
1436,0.88,0.08,0.04
1437,0.79,0.10,0.11
1438,0.84,0.05,0.11
1439,0.49,0.06,0.45
1440,0.10,0.63,0.26
1441,0.00,1.00,0.00
1442,0.26,0.50,0.24
1443,0.33,0.38,0.29
1444,0.67,0.31,0.02
1445,0.18,0.00,0.81
1446,0.02,0.96,0.01
1447,0.11,0.01,0.88
1448,0.18,0.09,0.73
1449,0.83,0.13,0.03
1450,0.05,0.02,0.93
1451,0.75,0.16,0.08
1452,0.96,0.03,0.01
1453,0.04,0.03,0.93
1454,0.73,0.08,0.19
1455,0.89,0.09,0.02
1456,0.24,0.32,0.44
1457,0.80,0.11,0.09
1458,0.14,0.03,0.83
1459,0.03,0.95,0.02
1460,0.91,0.06,0.02
1461,0.33,0.12,0.54
1462,0.03,0.00,0.97
1463,0.77,0.18,0.04
1464,0.63,0.24,0.13
1465,0.02,0.94,0.04
1466,0.79,0.17,0.04
1467,0.10,0.82,0.08
1468,0.54,0.09,0.38
1469,0.78,0.20,0.02
1470,0.06,0.80,0.14
1471,0.88,0.06,0.06
1472,0.91,0.07,0.01
1473,0.16,0.01,0.83
1474,0.37,0.13,0.51
1475,0.55,0.30,0.15
1476,0.03,0.00,0.97
1477,0.04,0.96,0.01
1478,0.41,0.16,0.44
1479,0.64,0.04,0.31
1480,0.89,0.10,0.01
1481,0.01,0.00,0.99
1482,0.90,0.09,0.01
1483,0.92,0.06,0.01
1484,0.45,0.34,0.21
1485,0.58,0.04,0.38
1486,0.00,0.00,1.00
1487,0.29,0.67,0.04
1488,0.78,0.19,0.02
1489,0.61,0.32,0.07
1490,0.26,0.33,0.41
1491,0.75,0.16,0.09
1492,0.02,0.00,0.98
1493,0.06,0.42,0.53
1494,0.46,0.39,0.15
1495,0.01,0.98,0.00
1496,0.44,0.54,0.02
1497,0.04,0.00,0.96
1498,0.64,0.08,0.28
1499,0.43,0.13,0.43
1500,0.00,0.00,0.99
1501,0.44,0.39,0.16
1502,0.04,0.00,0.95
1503,0.14,0.83,0.03
1504,0.18,0.76,0.06
1505,0.05,0.02,0.93
1506,0.16,0.81,0.03
1507,0.86,0.10,0.04
1508,0.57,0.17,0.26
1509,0.83,0.09,0.08
1510,0.44,0.45,0.11
1511,0.01,0.98,0.01
1512,0.84,0.14,0.01
1513,0.07,0.02,0.92
1514,0.55,0.42,0.03
1515,0.22,0.01,0.77
1516,0.86,0.04,0.10
1517,0.92,0.05,0.03
1518,0.76,0.01,0.22
1519,0.56,0.06,0.38
1520,0.01,0.99,0.00
1521,0.06,0.07,0.87
1522,0.14,0.47,0.39
1523,0.23,0.12,0.65
1524,0.35,0.47,0.17
1525,0.52,0.06,0.43
1526,0.98,0.01,0.01
1527,0.89,0.02,0.09
1528,0.07,0.02,0.92
1529,0.93,0.05,0.02
1530,0.15,0.13,0.72
1531,0.72,0.23,0.04
1532,0.60,0.09,0.30
1533,0.06,0.92,0.03
1534,0.06,0.00,0.93
1535,0.44,0.06,0.50
1536,0.77,0.12,0.11
1537,0.01,0.00,0.99
1538,0.13,0.01,0.86
1539,0.21,0.34,0.45
1540,0.38,0.02,0.60
1541,0.46,0.32,0.22
1542,0.00,1.00,0.00
1543,0.03,0.01,0.96
1544,0.67,0.19,0.15
1545,0.13,0.01,0.86
1546,0.75,0.22,0.03
1547,0.04,0.94,0.02
1548,0.05,0.92,0.03
1549,0.88,0.08,0.05
1550,0.55,0.28,0.16
1551,0.09,0.00,0.91
1552,0.67,0.04,0.29
1553,0.05,0.93,0.02
1554,0.92,0.06,0.02
1555,0.28,0.71,0.01
1556,0.85,0.08,0.07
1557,0.04,0.57,0.39
1558,0.73,0.19,0.08
1559,0.13,0.62,0.25
1560,0.31,0.19,0.50
1561,0.96,0.02,0.02
1562,0.20,0.70,0.10
1563,0.17,0.82,0.01
1564,0.84,0.09,0.07
1565,0.03,0.04,0.93
1566,0.82,0.13,0.05
1567,0.00,0.99,0.00
1568,0.08,0.04,0.89
1569,0.09,0.05,0.86
1570,0.19,0.79,0.03
1571,0.20,0.77,0.03
1572,0.45,0.01,0.54
1573,0.62,0.33,0.05
1574,0.01,0.00,0.99
1575,0.90,0.02,0.07
1576,0.23,0.71,0.07
1577,0.64,0.13,0.23
1578,0.55,0.02,0.42
1579,0.04,0.03,0.93
1580,0.12,0.65,0.23
1581,0.89,0.01,0.10
1582,0.13,0.03,0.84
1583,0.16,0.20,0.64
1584,0.72,0.24,0.04
1585,0.69,0.12,0.19
1586,0.09,0.74,0.17
1587,0.02,0.97,0.00
1588,0.44,0.41,0.15
1589,0.06,0.02,0.92
1590,0.87,0.02,0.11
1591,0.02,0.97,0.02
1592,0.96,0.03,0.01
1593,0.94,0.05,0.01
1594,0.01,0.00,0.99
1595,0.22,0.11,0.67
1596,0.74,0.16,0.10
1597,0.94,0.04,0.02
1598,0.32,0.24,0.44
1599,0.08,0.83,0.09
1600,0.20,0.45,0.35
1601,0.84,0.10,0.07
1602,0.32,0.66,0.02
1603,0.12,0.68,0.20
1604,0.04,0.90,0.06
1605,0.07,0.90,0.03
1606,0.25,0.03,0.72
1607,0.05,0.94,0.01
1608,0.00,0.00,1.00
1609,0.13,0.03,0.84
1610,0.16,0.82,0.02
1611,0.01,0.01,0.98
1612,0.86,0.10,0.04
1613,0.88,0.07,0.05
1614,0.15,0.03,0.82
1615,0.02,0.00,0.98
1616,0.01,0.99,0.01
1617,0.17,0.79,0.03
1618,0.94,0.04,0.02
1619,0.35,0.01,0.64
1620,0.31,0.06,0.63
1621,0.89,0.04,0.08
1622,0.14,0.04,0.82
1623,0.25,0.65,0.10
1624,0.85,0.13,0.02
1625,0.96,0.01,0.04
1626,0.02,0.97,0.00
1627,0.91,0.06,0.02
1628,0.17,0.26,0.56
1629,0.05,0.13,0.82
1630,0.83,0.12,0.05
1631,0.16,0.31,0.52
1632,0.03,0.01,0.96
1633,0.37,0.50,0.13
1634,0.65,0.21,0.14
1635,0.82,0.05,0.12
1636,0.05,0.69,0.26
1637,0.02,0.97,0.01
1638,0.86,0.11,0.03
1639,0.76,0.21,0.03
1640,0.78,0.14,0.08
1641,0.20,0.44,0.36
1642,0.65,0.33,0.02
1643,0.43,0.02,0.55
1644,0.44,0.08,0.47
1645,0.04,0.01,0.95
1646,0.03,0.95,0.02
1647,0.64,0.30,0.06
1648,0.17,0.74,0.10
1649,0.95,0.04,0.01
1650,0.07,0.02,0.90
1651,0.94,0.03,0.03
1652,0.34,0.05,0.61
1653,0.77,0.04,0.19
1654,0.26,0.73,0.01
1655,0.19,0.70,0.11
1656,0.07,0.01,0.91
1657,0.56,0.03,0.41
1658,0.65,0.22,0.14
1659,0.12,0.84,0.03
1660,0.04,0.03,0.94
1661,0.46,0.02,0.51
1662,0.84,0.05,0.11
1663,0.05,0.01,0.94
1664,0.95,0.03,0.02
1665,0.41,0.18,0.42
1666,0.12,0.25,0.62
1667,0.73,0.24,0.04
1668,0.76,0.04,0.19
1669,0.12,0.05,0.82
1670,0.85,0.04,0.11
1671,0.04,0.00,0.96
1672,0.21,0.14,0.64
1673,0.81,0.06,0.14
1674,0.05,0.00,0.95
1675,0.95,0.03,0.02
1676,0.05,0.85,0.10
1677,0.06,0.91,0.03
1678,0.78,0.05,0.17
1679,0.51,0.24,0.25
1680,0.08,0.14,0.78
1681,0.24,0.36,0.40
1682,0.06,0.02,0.92
1683,0.84,0.09,0.07
1684,0.89,0.07,0.05
1685,0.30,0.69,0.01
1686,0.13,0.84,0.02
1687,0.24,0.68,0.07
1688,0.23,0.27,0.49
1689,0.13,0.14,0.73
1690,0.34,0.62,0.05
1691,0.18,0.03,0.79
1692,0.34,0.41,0.25
1693,0.07,0.03,0.90
1694,0.94,0.03,0.03
1695,0.16,0.00,0.84
1696,0.41,0.11,0.48
1697,0.85,0.13,0.02
1698,0.86,0.12,0.02
1699,0.74,0.20,0.06
1700,0.24,0.10,0.66
1701,0.65,0.06,0.29
1702,0.88,0.11,0.01
1703,0.02,0.00,0.98
1704,0.38,0.13,0.49
1705,0.05,0.85,0.10
1706,0.79,0.10,0.12
1707,0.06,0.88,0.05
1708,0.97,0.02,0.01
1709,0.04,0.01,0.95
1710,0.10,0.01,0.89
1711,0.05,0.04,0.90
1712,0.02,0.01,0.97
1713,0.91,0.02,0.07
1714,0.06,0.03,0.91
1715,0.06,0.02,0.92
1716,0.22,0.69,0.09
1717,0.06,0.91,0.03
1718,0.43,0.54,0.03
1719,0.02,0.97,0.01
1720,0.67,0.07,0.26
1721,0.59,0.03,0.38
1722,0.18,0.34,0.48
1723,0.02,0.01,0.97
1724,0.39,0.52,0.10
1725,0.43,0.24,0.34
1726,0.97,0.02,0.01
1727,0.21,0.76,0.04
1728,0.03,0.96,0.01
1729,0.66,0.10,0.24
1730,0.11,0.04,0.85
1731,0.06,0.06,0.88
1732,0.53,0.08,0.39
1733,0.28,0.08,0.64
1734,0.07,0.93,0.00
1735,0.02,0.97,0.01
1736,0.01,0.99,0.00
1737,0.36,0.52,0.12
1738,0.24,0.07,0.69
1739,0.02,0.98,0.00
1740,0.86,0.05,0.09
1741,0.22,0.09,0.69
1742,0.95,0.02,0.02
1743,0.86,0.05,0.08
1744,0.30,0.03,0.67
1745,0.49,0.04,0.48
1746,0.02,0.96,0.02
1747,0.03,0.96,0.01
1748,0.11,0.02,0.87
1749,0.11,0.87,0.02
1750,0.87,0.08,0.05
1751,0.55,0.33,0.12
1752,0.05,0.05,0.91
1753,0.36,0.62,0.02
1754,0.39,0.23,0.37
1755,0.52,0.38,0.10
1756,0.52,0.28,0.21
1757,0.00,0.99,0.01
1758,0.94,0.04,0.02
1759,0.14,0.02,0.83
1760,0.07,0.92,0.01
1761,0.09,0.89,0.02
1762,0.19,0.79,0.02
1763,0.56,0.07,0.37
1764,0.09,0.90,0.01
1765,0.07,0.00,0.93
1766,0.43,0.55,0.03
1767,0.64,0.30,0.06
1768,0.95,0.03,0.02
1769,0.03,0.01,0.96
1770,0.97,0.01,0.02
1771,0.70,0.12,0.18
1772,0.79,0.09,0.13
1773,0.67,0.30,0.02
1774,0.03,0.97,0.01
1775,0.74,0.22,0.04
1776,0.07,0.01,0.92
1777,0.82,0.05,0.13
1778,0.11,0.87,0.02
1779,0.08,0.24,0.68
1780,0.12,0.65,0.23
1781,0.32,0.01,0.67
1782,0.92,0.04,0.04
1783,0.41,0.05,0.54
1784,0.93,0.00,0.07
1785,0.90,0.06,0.04
1786,0.53,0.42,0.05
1787,0.90,0.05,0.05
1788,0.91,0.06,0.03
1789,0.01,0.00,0.98
1790,0.02,0.97,0.01
1791,0.71,0.04,0.25
1792,0.02,0.97,0.01
1793,0.07,0.91,0.02
1794,0.04,0.03,0.93
1795,0.62,0.22,0.16
1796,0.68,0.20,0.12
1797,0.15,0.63,0.22
1798,0.78,0.06,0.16
1799,0.13,0.03,0.84
1800,0.12,0.01,0.87
1801,0.04,0.95,0.01
1802,0.13,0.12,0.75
1803,0.75,0.17,0.07
1804,0.14,0.83,0.03
1805,0.33,0.28,0.39
1806,0.53,0.02,0.45
1807,0.58,0.28,0.13
1808,0.53,0.04,0.43
1809,0.05,0.95,0.01
1810,0.37,0.56,0.07
1811,0.33,0.34,0.33
1812,0.96,0.01,0.03
1813,0.02,0.58,0.39
1814,0.11,0.13,0.77
1815,0.45,0.42,0.13
1816,0.05,0.89,0.07
1817,0.11,0.07,0.83
1818,0.92,0.03,0.06
1819,0.19,0.77,0.03
1820,0.88,0.03,0.09
1821,0.06,0.93,0.01
1822,0.05,0.94,0.01
1823,0.15,0.77,0.08
1824,0.60,0.13,0.27
1825,0.03,0.97,0.01
1826,0.79,0.18,0.02
1827,0.46,0.15,0.40
1828,0.75,0.09,0.16
1829,0.73,0.25,0.01
1830,0.07,0.07,0.86
1831,0.69,0.03,0.28
1832,0.82,0.01,0.17
1833,0.94,0.02,0.04
1834,0.69,0.22,0.10
1835,0.25,0.63,0.12
1836,0.05,0.92,0.03
1837,0.37,0.36,0.27
1838,0.18,0.17,0.65
1839,0.44,0.03,0.53
1840,0.92,0.04,0.04
1841,0.98,0.00,0.02
1842,0.86,0.09,0.05
1843,0.03,0.91,0.06
1844,0.69,0.27,0.05
1845,0.15,0.00,0.85
1846,0.27,0.17,0.56
1847,0.07,0.06,0.87
1848,0.95,0.04,0.01
1849,0.64,0.31,0.05
1850,0.72,0.04,0.24
1851,0.83,0.09,0.08
1852,0.03,0.97,0.00
1853,0.06,0.91,0.03
1854,0.13,0.84,0.03
1855,0.83,0.11,0.06
1856,0.40,0.47,0.13
1857,0.94,0.03,0.03
1858,0.56,0.12,0.32
1859,0.07,0.91,0.02
1860,0.94,0.04,0.02
1861,0.96,0.03,0.00
1862,0.02,0.01,0.97
1863,0.91,0.06,0.04
1864,0.89,0.05,0.06
1865,0.77,0.18,0.04
1866,0.92,0.06,0.02
1867,0.25,0.53,0.22
1868,0.02,0.89,0.09
1869,0.47,0.06,0.48
1870,0.03,0.05,0.92
1871,0.89,0.09,0.02
1872,0.79,0.04,0.17
1873,0.03,0.01,0.97
1874,0.03,0.95,0.02
1875,0.31,0.19,0.50
1876,0.03,0.92,0.04
1877,0.29,0.59,0.12
1878,0.67,0.04,0.30
1879,0.95,0.03,0.02
1880,0.79,0.19,0.03
1881,0.69,0.27,0.04
1882,0.07,0.20,0.73
1883,0.74,0.20,0.06
1884,0.95,0.03,0.03
1885,0.66,0.01,0.33
1886,0.83,0.06,0.11
1887,0.17,0.38,0.45
1888,0.85,0.09,0.06
1889,0.07,0.91,0.02
1890,0.80,0.12,0.09
1891,0.65,0.33,0.02
1892,0.75,0.19,0.05
1893,0.55,0.19,0.26
1894,0.01,0.99,0.01
1895,0.83,0.10,0.08
1896,0.06,0.11,0.84
1897,0.04,0.03,0.92
1898,0.37,0.22,0.41
1899,0.26,0.67,0.06
1900,0.65,0.32,0.03
1901,0.94,0.03,0.04
1902,0.44,0.55,0.02
1903,0.02,0.98,0.00
1904,0.75,0.23,0.03
1905,0.35,0.61,0.04
1906,0.84,0.13,0.03
1907,0.85,0.01,0.13
1908,0.55,0.03,0.42
1909,0.26,0.70,0.04
1910,0.04,0.75,0.20
1911,0.05,0.94,0.01
1912,0.96,0.03,0.01
1913,0.51,0.45,0.04
1914,0.04,0.02,0.95
1915,0.94,0.05,0.02
1916,0.83,0.07,0.10
1917,0.27,0.70,0.03
1918,0.69,0.21,0.10
1919,0.04,0.01,0.95
1920,0.18,0.10,0.72
1921,0.60,0.38,0.02
1922,0.03,0.02,0.95
1923,0.27,0.68,0.05
1924,0.24,0.03,0.72
1925,0.30,0.16,0.54
1926,0.80,0.02,0.18
1927,0.42,0.31,0.27
1928,0.03,0.90,0.07
1929,0.19,0.05,0.76
1930,0.02,0.00,0.98
1931,0.05,0.92,0.04
1932,0.15,0.07,0.78
1933,0.15,0.04,0.81
1934,0.12,0.03,0.85
1935,0.89,0.09,0.02
1936,0.56,0.04,0.41
1937,0.97,0.02,0.01
1938,0.84,0.06,0.10
1939,0.82,0.02,0.16
1940,0.12,0.10,0.77
1941,0.19,0.47,0.34
1942,0.14,0.84,0.02
1943,0.41,0.53,0.06
1944,0.21,0.03,0.76
1945,0.45,0.04,0.51
1946,0.49,0.00,0.50
1947,0.83,0.10,0.07
1948,0.05,0.01,0.94
1949,0.85,0.07,0.08
1950,0.14,0.26,0.59
1951,0.77,0.13,0.10
1952,0.65,0.17,0.18
1953,0.11,0.31,0.58
1954,0.14,0.30,0.56
1955,0.04,0.90,0.06
1956,0.17,0.01,0.82
1957,0.68,0.07,0.26
1958,0.71,0.21,0.08
1959,0.96,0.03,0.01
1960,0.29,0.66,0.06
1961,0.93,0.05,0.02
1962,0.40,0.15,0.45
1963,0.15,0.76,0.09
1964,0.07,0.50,0.43
1965,0.26,0.05,0.69
1966,0.65,0.09,0.26
1967,0.75,0.07,0.18
1968,0.69,0.23,0.07
1969,0.04,0.83,0.12
1970,0.48,0.45,0.07
1971,0.81,0.13,0.06
1972,0.42,0.55,0.03
1973,0.07,0.19,0.75
1974,0.05,0.93,0.02
1975,0.07,0.02,0.91
1976,0.84,0.12,0.04
1977,0.25,0.07,0.67
1978,0.66,0.15,0.19
1979,0.56,0.10,0.34
1980,0.07,0.02,0.91
1981,0.07,0.93,0.01
1982,0.76,0.06,0.18
1983,0.08,0.06,0.86
1984,0.75,0.16,0.09
1985,0.04,0.04,0.92
1986,0.33,0.38,0.29
1987,0.89,0.06,0.05
1988,0.03,0.07,0.90
1989,0.33,0.02,0.65
1990,0.50,0.47,0.03
1991,0.26,0.66,0.08
1992,0.18,0.81,0.01
1993,0.41,0.07,0.52
1994,0.22,0.76,0.02
1995,0.92,0.04,0.04
1996,0.07,0.90,0.03
1997,0.53,0.06,0.41
1998,0.77,0.11,0.12
1999,0.04,0.90,0.06
2000,0.02,0.00,0.98
2001,0.95,0.03,0.02
2002,0.05,0.94,0.02
2003,0.90,0.03,0.06
2004,0.17,0.36,0.47
2005,0.74,0.20,0.06
2006,0.08,0.01,0.91
2007,0.21,0.75,0.04
2008,0.56,0.35,0.09
2009,0.00,1.00,0.00
2010,0.19,0.03,0.78
2011,0.19,0.08,0.73
2012,0.55,0.20,0.25
2013,0.11,0.79,0.09
2014,0.46,0.52,0.02
2015,0.20,0.74,0.05
2016,0.55,0.02,0.43
2017,0.14,0.38,0.48
2018,0.98,0.02,0.01
2019,0.18,0.03,0.80
2020,0.08,0.91,0.01
2021,0.86,0.10,0.04
2022,0.64,0.34,0.02
2023,0.08,0.45,0.47
2024,0.13,0.53,0.33
2025,0.02,0.95,0.03
2026,0.22,0.70,0.08
2027,0.05,0.04,0.92
2028,0.22,0.01,0.77
2029,0.50,0.44,0.06
2030,0.02,0.00,0.98
2031,0.70,0.06,0.24
2032,0.16,0.25,0.59
2033,0.01,0.98,0.01
2034,0.99,0.01,0.00
2035,0.01,0.01,0.98
2036,0.54,0.07,0.40
2037,0.17,0.06,0.76
2038,0.00,0.00,1.00
2039,0.20,0.46,0.34
2040,0.39,0.57,0.04
2041,0.43,0.46,0.11
2042,0.88,0.02,0.09
2043,0.55,0.01,0.44
2044,0.07,0.00,0.93
2045,0.14,0.00,0.86
2046,0.83,0.15,0.02
2047,0.39,0.28,0.33
2048,0.66,0.09,0.25
2049,0.54,0.08,0.38
2050,0.04,0.94,0.02
2051,0.53,0.35,0.12
2052,0.09,0.90,0.01
2053,0.20,0.04,0.76
2054,0.89,0.09,0.02
2055,0.62,0.24,0.14
2056,0.57,0.35,0.07
2057,0.93,0.04,0.03
2058,0.04,0.95,0.01
2059,0.10,0.46,0.44
2060,0.26,0.73,0.02
2061,0.58,0.00,0.42
2062,0.01,0.00,0.99
2063,0.11,0.10,0.79
2064,0.16,0.06,0.78
2065,0.11,0.82,0.07
2066,0.03,0.02,0.95
2067,0.95,0.02,0.03
2068,0.11,0.02,0.88
2069,0.75,0.16,0.08
2070,0.02,0.97,0.01
2071,0.14,0.66,0.21
2072,0.49,0.02,0.50
2073,0.07,0.01,0.92
2074,0.93,0.01,0.06
2075,0.47,0.50,0.03
2076,0.54,0.18,0.28
2077,0.80,0.07,0.13
2078,0.20,0.64,0.17
2079,0.07,0.28,0.65
2080,0.13,0.27,0.60
2081,0.85,0.12,0.03
2082,0.23,0.01,0.77
2083,0.35,0.40,0.25
2084,0.19,0.16,0.64
2085,0.05,0.95,0.00
2086,0.65,0.26,0.09
2087,0.07,0.01,0.92
2088,0.54,0.03,0.43
2089,0.39,0.55,0.07
2090,0.08,0.02,0.90
2091,0.06,0.18,0.76
2092,0.41,0.36,0.23
2093,0.94,0.03,0.03
2094,0.86,0.09,0.04
2095,0.16,0.05,0.79
2096,0.03,0.84,0.13
2097,0.05,0.04,0.91
2098,0.67,0.10,0.23
2099,0.73,0.25,0.02
2100,0.40,0.22,0.38
2101,0.75,0.05,0.21
2102,0.66,0.02,0.32
2103,0.68,0.06,0.27
2104,0.21,0.78,0.01
2105,0.03,0.96,0.01
2106,0.14,0.01,0.85
2107,0.02,0.93,0.04
2108,0.17,0.20,0.64
2109,0.35,0.63,0.02
2110,0.90,0.09,0.01
2111,0.51,0.32,0.17
2112,0.37,0.08,0.56
2113,0.10,0.07,0.83
2114,0.73,0.20,0.07
2115,0.48,0.22,0.30
2116,0.18,0.07,0.74
2117,0.90,0.06,0.04
2118,0.24,0.69,0.07
2119,0.23,0.48,0.29
2120,0.94,0.04,0.02
2121,0.01,0.01,0.98
2122,0.07,0.01,0.93
2123,0.59,0.03,0.37
2124,0.22,0.02,0.75
2125,0.05,0.00,0.94
2126,0.94,0.05,0.01
2127,0.52,0.03,0.45
2128,0.13,0.86,0.01
2129,0.54,0.20,0.26
2130,0.02,0.00,0.98
2131,0.14,0.82,0.04
2132,0.06,0.01,0.93
2133,0.19,0.02,0.79
2134,0.70,0.26,0.05
2135,0.99,0.00,0.01
2136,0.15,0.43,0.42
2137,0.35,0.51,0.15
2138,0.40,0.05,0.55
2139,0.87,0.08,0.04
2140,0.49,0.06,0.44
2141,0.72,0.06,0.22
2142,0.17,0.02,0.81
2143,0.90,0.06,0.04
2144,0.46,0.02,0.53
2145,0.13,0.25,0.62
2146,0.72,0.02,0.26
2147,0.90,0.08,0.02
2148,0.25,0.11,0.64
2149,0.03,0.01,0.96
2150,0.11,0.81,0.08
2151,0.38,0.23,0.39
2152,0.41,0.56,0.03
2153,0.09,0.69,0.22
2154,0.79,0.06,0.15
2155,0.12,0.04,0.84
2156,0.91,0.04,0.05
2157,0.41,0.41,0.18
2158,0.01,0.99,0.01
2159,0.96,0.03,0.02
2160,0.69,0.22,0.09
2161,0.17,0.74,0.09
2162,0.76,0.17,0.07
2163,0.91,0.02,0.07
2164,0.62,0.31,0.07
2165,0.07,0.01,0.92
2166,0.99,0.01,0.00
2167,0.97,0.02,0.01
2168,0.03,0.96,0.01
2169,0.06,0.55,0.40
2170,0.18,0.01,0.82
2171,0.08,0.90,0.01
2172,0.15,0.06,0.79
2173,0.65,0.28,0.07
2174,0.19,0.75,0.06
2175,0.14,0.05,0.82
2176,0.12,0.12,0.75
2177,0.21,0.01,0.78
2178,0.84,0.10,0.05
2179,0.04,0.02,0.94
2180,0.14,0.15,0.70
2181,0.04,0.40,0.56
2182,0.63,0.27,0.10
2183,0.05,0.02,0.93
2184,0.76,0.22,0.02
2185,0.52,0.09,0.40
2186,0.09,0.02,0.89
2187,0.00,0.00,1.00
2188,0.06,0.88,0.06
2189,0.22,0.66,0.12
2190,0.98,0.01,0.01
2191,0.18,0.62,0.20
2192,0.06,0.02,0.92
2193,0.89,0.06,0.05
2194,0.12,0.88,0.01
2195,0.72,0.21,0.07
2196,0.81,0.13,0.06
2197,0.43,0.39,0.18
2198,0.06,0.34,0.60
2199,0.18,0.03,0.79
2200,0.72,0.11,0.16
2201,0.94,0.03,0.02
2202,0.24,0.71,0.05
2203,0.02,0.96,0.01
2204,0.09,0.04,0.87
2205,0.27,0.20,0.52
2206,0.59,0.38,0.03
2207,0.16,0.03,0.81
2208,0.01,0.00,0.99
2209,0.45,0.01,0.54
2210,0.24,0.05,0.71
2211,0.23,0.03,0.74
2212,0.72,0.14,0.15
2213,0.48,0.41,0.10
2214,0.52,0.02,0.46
2215,0.61,0.04,0.34
2216,0.03,0.97,0.00
2217,0.82,0.14,0.04
2218,0.41,0.56,0.03
2219,0.07,0.02,0.91
2220,0.11,0.88,0.01
2221,0.44,0.36,0.19
2222,0.87,0.07,0.06
2223,0.17,0.66,0.16
2224,0.92,0.06,0.03
2225,0.06,0.03,0.90
2226,0.92,0.07,0.01
2227,0.97,0.01,0.02
2228,0.38,0.01,0.62
2229,0.54,0.41,0.05
2230,0.94,0.02,0.04
2231,0.88,0.08,0.04
2232,0.08,0.91,0.01
2233,0.50,0.43,0.07
2234,0.98,0.01,0.01
2235,0.04,0.09,0.87
2236,0.13,0.86,0.01
2237,0.49,0.02,0.49
2238,0.04,0.96,0.00
2239,0.28,0.06,0.66
2240,0.19,0.77,0.04
2241,0.04,0.00,0.96
2242,0.03,0.96,0.01
2243,0.10,0.05,0.84
2244,0.02,0.97,0.01
2245,0.84,0.11,0.05
2246,0.78,0.06,0.16
2247,0.88,0.04,0.09
2248,0.17,0.78,0.05
2249,0.08,0.01,0.92
2250,0.05,0.93,0.02
2251,0.16,0.01,0.83
2252,0.00,0.00,1.00
2253,0.29,0.67,0.04
2254,0.11,0.67,0.22
2255,0.70,0.29,0.01
2256,0.18,0.74,0.07
2257,0.89,0.03,0.08
2258,0.62,0.30,0.08
2259,0.26,0.50,0.24
2260,0.65,0.13,0.22
2261,0.81,0.15,0.04
2262,0.57,0.12,0.31
2263,0.11,0.04,0.85
2264,0.23,0.03,0.74
2265,0.44,0.06,0.50
2266,0.88,0.10,0.01
2267,0.02,0.80,0.17
2268,0.09,0.07,0.84
2269,0.09,0.19,0.72
2270,0.58,0.11,0.31
2271,0.25,0.19,0.57
2272,0.80,0.08,0.13
2273,0.06,0.02,0.92
2274,0.70,0.09,0.21
2275,0.36,0.15,0.49
2276,0.01,0.98,0.00
2277,0.76,0.19,0.05
2278,0.82,0.05,0.13
2279,0.72,0.25,0.03
2280,0.02,0.98,0.00
2281,0.42,0.24,0.34
2282,0.92,0.05,0.03
2283,0.85,0.06,0.09
2284,0.30,0.03,0.67
2285,0.02,0.01,0.98
2286,0.65,0.11,0.24
2287,0.58,0.06,0.36
2288,0.80,0.18,0.02
2289,0.94,0.03,0.02
2290,0.02,0.94,0.04
2291,0.23,0.25,0.51
2292,0.18,0.81,0.02
2293,0.24,0.04,0.72
2294,0.03,0.87,0.10
2295,0.21,0.01,0.77
2296,0.83,0.14,0.03
2297,0.15,0.03,0.82
2298,0.15,0.84,0.01
2299,0.50,0.40,0.09
2300,0.01,0.01,0.98
2301,0.04,0.95,0.01
2302,0.29,0.08,0.63
2303,0.08,0.79,0.12
2304,0.21,0.08,0.71
2305,0.10,0.88,0.02
2306,0.58,0.40,0.02
2307,0.83,0.14,0.03
2308,0.13,0.05,0.82
2309,0.04,0.14,0.81
2310,0.55,0.34,0.11
2311,0.11,0.22,0.67
2312,0.41,0.15,0.43
2313,0.26,0.01,0.73
2314,0.32,0.00,0.67
2315,0.53,0.17,0.30
2316,0.43,0.05,0.52
2317,0.96,0.01,0.03
2318,0.08,0.67,0.25
2319,0.88,0.10,0.02
2320,0.98,0.01,0.01
2321,0.56,0.36,0.08
2322,0.13,0.06,0.82
2323,0.01,0.98,0.01
2324,0.01,0.00,0.99
2325,0.05,0.00,0.95
2326,0.81,0.17,0.02
2327,0.02,0.95,0.02
2328,0.14,0.85,0.01
2329,0.84,0.07,0.08
2330,0.32,0.12,0.55
2331,0.46,0.03,0.51
2332,0.98,0.01,0.00
2333,0.73,0.23,0.04
2334,0.13,0.02,0.85
2335,0.07,0.87,0.05
2336,0.95,0.04,0.00
2337,0.85,0.06,0.10
2338,0.36,0.05,0.59
2339,0.98,0.00,0.01
2340,0.80,0.05,0.15
2341,0.14,0.26,0.60
2342,0.18,0.30,0.53
2343,0.93,0.06,0.01
2344,0.06,0.03,0.92
2345,0.79,0.08,0.13
2346,0.74,0.02,0.24
2347,0.40,0.01,0.59
2348,0.27,0.04,0.69
2349,0.01,0.98,0.01
2350,0.02,0.98,0.00
2351,0.05,0.01,0.94
2352,0.03,0.01,0.97
2353,0.68,0.24,0.08
2354,0.89,0.09,0.02
2355,0.26,0.70,0.04
2356,0.71,0.25,0.04
2357,0.49,0.10,0.42
2358,0.04,0.00,0.96
2359,0.08,0.03,0.90
2360,0.14,0.38,0.48
2361,0.67,0.17,0.16
2362,0.84,0.03,0.12
2363,0.02,0.96,0.01
2364,0.62,0.10,0.28
2365,0.01,0.00,0.98
2366,0.31,0.14,0.55
2367,0.10,0.88,0.02
2368,0.89,0.08,0.03
2369,0.41,0.05,0.54
2370,0.64,0.31,0.05
2371,0.01,0.98,0.01
2372,0.34,0.57,0.08
2373,0.97,0.03,0.00
2374,0.04,0.01,0.95
2375,0.05,0.94,0.01
2376,0.66,0.17,0.17
2377,0.59,0.24,0.17
2378,0.85,0.10,0.04
2379,0.06,0.10,0.84
2380,0.88,0.11,0.01
2381,0.10,0.01,0.88
2382,0.41,0.23,0.36
2383,0.87,0.12,0.01
2384,0.09,0.89,0.02
2385,0.27,0.63,0.09
2386,0.52,0.24,0.25
2387,0.71,0.09,0.20
2388,0.09,0.90,0.01
2389,0.31,0.35,0.34
2390,0.45,0.33,0.21
2391,0.12,0.75,0.13
2392,0.21,0.06,0.73
2393,0.47,0.10,0.44
2394,0.84,0.06,0.10
2395,0.02,0.98,0.00
2396,0.69,0.20,0.11
2397,0.84,0.04,0.13
2398,0.18,0.00,0.81
2399,0.70,0.21,0.08
2400,0.70,0.27,0.03
2401,0.99,0.01,0.01
2402,0.06,0.92,0.02
2403,0.14,0.53,0.33
2404,0.93,0.04,0.04
2405,0.03,0.92,0.04
2406,0.11,0.02,0.88
2407,0.10,0.03,0.87
2408,0.10,0.04,0.86
2409,0.88,0.06,0.06
2410,0.37,0.05,0.58
2411,0.73,0.18,0.09
2412,0.06,0.11,0.83
2413,0.23,0.71,0.06
2414,0.68,0.28,0.04
2415,0.08,0.02,0.90
2416,0.75,0.19,0.06
2417,0.07,0.05,0.88
2418,0.94,0.05,0.01
2419,0.43,0.05,0.52
2420,0.56,0.29,0.16
2421,0.97,0.00,0.03
2422,0.01,0.97,0.02
2423,0.22,0.67,0.11
2424,0.26,0.24,0.50
2425,0.96,0.03,0.02
2426,0.02,0.98,0.01
2427,0.22,0.13,0.65
2428,0.04,0.01,0.95
2429,0.92,0.07,0.02
2430,0.06,0.92,0.02
2431,0.70,0.24,0.06
2432,0.67,0.29,0.04
2433,0.46,0.23,0.32
2434,0.78,0.07,0.15
2435,0.19,0.71,0.10
2436,0.15,0.71,0.14
2437,0.13,0.83,0.03
2438,0.05,0.16,0.79
2439,0.50,0.22,0.28
2440,0.82,0.16,0.03
2441,0.15,0.84,0.01
2442,0.18,0.08,0.75
2443,0.85,0.05,0.10
2444,0.03,0.96,0.01
2445,0.24,0.10,0.66
2446,0.86,0.11,0.03
2447,0.54,0.09,0.37
2448,0.30,0.01,0.69
2449,0.17,0.01,0.82
2450,0.42,0.36,0.22
2451,0.32,0.64,0.04
2452,0.89,0.06,0.05
2453,0.03,0.01,0.96
2454,0.04,0.01,0.95
2455,0.89,0.10,0.01
2456,0.24,0.41,0.34
2457,0.02,0.97,0.01
2458,0.50,0.07,0.43
2459,0.75,0.20,0.05
2460,0.15,0.13,0.72
2461,0.36,0.05,0.59
2462,0.02,0.97,0.01
2463,0.06,0.01,0.93
2464,0.25,0.71,0.04
2465,0.63,0.25,0.12
2466,0.08,0.02,0.90
2467,0.12,0.01,0.87
2468,0.08,0.83,0.10
2469,0.81,0.16,0.03
2470,0.97,0.02,0.00
2471,0.01,0.00,0.99
2472,0.11,0.03,0.86
2473,0.82,0.08,0.10
2474,0.69,0.17,0.14
2475,0.71,0.13,0.16
2476,0.06,0.91,0.02
2477,0.34,0.33,0.34
2478,0.02,0.97,0.01
2479,0.47,0.38,0.15
2480,0.86,0.05,0.09
2481,0.05,0.67,0.28
2482,0.06,0.82,0.12
2483,0.42,0.56,0.03
2484,0.56,0.06,0.38
2485,0.16,0.20,0.64
2486,0.00,0.99,0.00
2487,0.06,0.84,0.10
2488,0.36,0.03,0.60
2489,0.79,0.13,0.07
2490,0.08,0.01,0.92
2491,0.47,0.49,0.04
2492,0.89,0.06,0.06
2493,0.15,0.81,0.03
2494,0.20,0.40,0.39
2495,0.12,0.85,0.04
2496,0.89,0.09,0.02
2497,0.90,0.07,0.03
2498,0.95,0.04,0.01
2499,0.05,0.94,0.01
2500,0.54,0.15,0.30
2501,0.02,0.01,0.97
2502,0.09,0.02,0.89
2503,0.96,0.02,0.02
2504,0.05,0.94,0.01
2505,0.21,0.01,0.79
2506,0.08,0.89,0.03
2507,0.27,0.54,0.18
2508,0.07,0.13,0.80
2509,0.84,0.06,0.09
2510,0.90,0.02,0.08
2511,0.60,0.03,0.37
2512,0.81,0.10,0.10
2513,0.75,0.05,0.20
2514,0.05,0.92,0.03
2515,0.29,0.04,0.68
2516,0.47,0.44,0.09
2517,0.58,0.15,0.27
2518,0.26,0.02,0.72
2519,0.13,0.02,0.86
2520,0.24,0.75,0.01
2521,0.95,0.01,0.04
2522,0.68,0.18,0.14
2523,0.87,0.09,0.04
2524,0.03,0.01,0.96
2525,0.08,0.07,0.85
2526,0.90,0.06,0.04
2527,0.91,0.02,0.06
2528,0.61,0.30,0.08
2529,0.90,0.04,0.06
2530,0.14,0.01,0.85
2531,0.50,0.47,0.03
2532,0.41,0.57,0.02
2533,0.91,0.06,0.03
2534,0.15,0.58,0.27
2535,0.95,0.04,0.01
2536,0.96,0.02,0.02
2537,0.13,0.09,0.78
2538,0.32,0.54,0.14
2539,0.26,0.69,0.05
2540,0.24,0.16,0.60
2541,0.88,0.10,0.02
2542,0.13,0.01,0.86
2543,0.39,0.02,0.59
2544,0.03,0.95,0.02
2545,0.03,0.96,0.01
2546,0.98,0.01,0.01
2547,0.86,0.11,0.02
2548,0.21,0.24,0.55
2549,0.01,0.98,0.01
2550,0.84,0.04,0.12
2551,0.09,0.12,0.79
2552,0.96,0.01,0.04
2553,0.70,0.20,0.10
2554,0.06,0.48,0.46
2555,0.22,0.08,0.69
2556,0.75,0.06,0.19
2557,0.86,0.11,0.02
2558,0.94,0.04,0.02
2559,0.19,0.00,0.81
2560,0.40,0.32,0.28
2561,0.08,0.12,0.80
2562,0.93,0.07,0.01
2563,0.09,0.02,0.89
2564,0.20,0.02,0.78
2565,0.88,0.04,0.09
2566,0.18,0.05,0.77
2567,0.15,0.19,0.66
2568,0.06,0.68,0.26
2569,0.13,0.07,0.80
2570,0.41,0.38,0.21
2571,0.34,0.13,0.53
2572,0.40,0.06,0.54
2573,0.03,0.94,0.03
2574,0.44,0.30,0.26
2575,0.74,0.17,0.09
2576,0.13,0.85,0.02
2577,0.03,0.97,0.00
2578,0.64,0.33,0.03
2579,0.25,0.02,0.73
2580,0.92,0.01,0.07
2581,0.60,0.30,0.10
2582,0.97,0.01,0.02
2583,0.96,0.03,0.01
2584,0.71,0.28,0.01
2585,0.32,0.28,0.40
2586,0.01,0.97,0.01
2587,0.92,0.07,0.01
2588,0.75,0.20,0.05
2589,0.92,0.05,0.03
2590,0.87,0.08,0.05
2591,0.82,0.14,0.04
2592,0.18,0.79,0.03
2593,0.00,1.00,0.00
2594,0.62,0.18,0.19
2595,0.43,0.51,0.05
2596,0.62,0.21,0.18
2597,0.18,0.06,0.77
2598,0.12,0.01,0.87
2599,0.04,0.04,0.92
2600,0.25,0.44,0.31
2601,0.11,0.05,0.83
2602,0.21,0.01,0.79
2603,0.09,0.01,0.90
2604,0.48,0.18,0.33
2605,0.29,0.04,0.66
2606,0.20,0.33,0.46
2607,0.77,0.08,0.15
2608,0.10,0.85,0.05
2609,0.59,0.20,0.21
2610,0.28,0.13,0.59
2611,0.67,0.25,0.08
2612,0.08,0.01,0.91
2613,0.13,0.35,0.52
2614,0.18,0.78,0.04
2615,0.54,0.44,0.02
2616,0.02,0.95,0.03
2617,0.17,0.01,0.83
2618,0.26,0.01,0.73
2619,0.04,0.00,0.96
2620,0.10,0.38,0.52
2621,0.17,0.02,0.81
2622,0.87,0.04,0.09
2623,0.59,0.14,0.26
2624,0.29,0.66,0.05
2625,0.23,0.69,0.08
2626,0.05,0.93,0.02
2627,0.01,0.97,0.01
2628,0.15,0.74,0.11
2629,0.98,0.01,0.01
2630,0.54,0.15,0.31
2631,0.52,0.02,0.46
2632,0.43,0.03,0.54
2633,0.36,0.02,0.62
2634,0.09,0.89,0.02
2635,0.87,0.02,0.10
2636,0.21,0.73,0.07
2637,0.83,0.12,0.05
2638,0.05,0.01,0.93
2639,0.08,0.89,0.03
2640,0.13,0.02,0.85
2641,0.57,0.29,0.15
2642,0.01,0.99,0.00
2643,0.03,0.00,0.96
2644,0.87,0.04,0.09
2645,0.68,0.30,0.02
2646,0.03,0.97,0.00
2647,0.09,0.04,0.87
2648,0.04,0.93,0.03
2649,0.62,0.33,0.05
2650,0.75,0.20,0.05
2651,0.86,0.03,0.11
2652,0.82,0.11,0.07
2653,0.41,0.01,0.58
2654,0.06,0.91,0.03
2655,0.07,0.93,0.01
2656,0.05,0.92,0.03
2657,0.56,0.14,0.30
2658,1.00,0.00,0.00
2659,0.33,0.65,0.02
2660,0.48,0.47,0.05
2661,0.83,0.10,0.08
2662,0.17,0.80,0.03
2663,0.64,0.31,0.04
2664,0.13,0.03,0.84
2665,0.14,0.48,0.38
2666,0.13,0.03,0.84
2667,0.01,0.99,0.00
2668,0.37,0.03,0.60
2669,0.70,0.01,0.28
2670,0.70,0.14,0.16
2671,0.76,0.15,0.08
2672,0.04,0.02,0.94
2673,0.02,0.00,0.98
2674,0.22,0.01,0.77
2675,0.05,0.01,0.95
2676,0.13,0.01,0.85
2677,0.11,0.02,0.88
2678,0.11,0.63,0.26
2679,0.92,0.05,0.02
2680,0.82,0.09,0.10
2681,0.85,0.12,0.03
2682,0.04,0.95,0.02
2683,0.71,0.05,0.24
2684,0.98,0.02,0.01
2685,0.00,0.00,1.00
2686,0.45,0.11,0.44
2687,0.06,0.00,0.93
2688,0.15,0.77,0.08
2689,0.34,0.57,0.09
2690,0.48,0.08,0.44
2691,0.66,0.00,0.33
2692,0.26,0.36,0.38
2693,0.97,0.03,0.01
2694,0.14,0.43,0.44
2695,0.87,0.09,0.05
2696,0.20,0.08,0.72
2697,0.15,0.84,0.01
2698,0.83,0.06,0.12
2699,0.92,0.00,0.08
2700,0.06,0.00,0.93
2701,0.15,0.01,0.84
2702,0.16,0.81,0.03
2703,0.07,0.02,0.92
2704,0.11,0.62,0.27
2705,0.14,0.85,0.02
2706,0.08,0.04,0.88
2707,0.01,0.98,0.01
2708,0.22,0.66,0.12
2709,0.90,0.05,0.05
2710,0.11,0.04,0.84
2711,0.79,0.18,0.03
2712,0.05,0.01,0.94
2713,0.99,0.01,0.00
2714,0.27,0.56,0.18
2715,0.07,0.11,0.82
2716,0.15,0.80,0.05
2717,0.54,0.03,0.43
2718,0.54,0.23,0.23
2719,0.22,0.02,0.76
2720,0.26,0.06,0.68
2721,0.02,0.01,0.97
2722,0.13,0.79,0.08
2723,0.17,0.44,0.39
2724,0.40,0.47,0.13
2725,0.93,0.06,0.00
2726,0.43,0.46,0.10
2727,0.73,0.05,0.22
2728,0.08,0.77,0.16
2729,0.49,0.15,0.35
2730,0.28,0.69,0.03
2731,0.05,0.01,0.94
2732,0.69,0.27,0.05
2733,0.31,0.12,0.57
2734,0.02,0.02,0.97
2735,0.09,0.88,0.03
2736,0.47,0.47,0.06
2737,0.01,0.99,0.00
2738,0.23,0.65,0.12
2739,0.59,0.19,0.22
2740,0.01,0.00,0.99
2741,0.56,0.03,0.42
2742,0.10,0.70,0.20
2743,0.22,0.20,0.58
2744,0.06,0.03,0.91
2745,0.63,0.33,0.05
2746,0.32,0.02,0.66
2747,0.56,0.02,0.42
2748,0.79,0.21,0.01
2749,0.17,0.81,0.02
2750,0.67,0.14,0.19
2751,0.91,0.05,0.04
2752,0.27,0.67,0.05
2753,0.71,0.28,0.02
2754,0.64,0.26,0.10
2755,0.06,0.01,0.93
2756,0.33,0.61,0.06
2757,0.95,0.02,0.03
2758,0.81,0.04,0.15
2759,0.04,0.95,0.01
2760,0.09,0.73,0.18
2761,0.27,0.63,0.10
2762,0.82,0.11,0.07
2763,0.05,0.16,0.78
2764,0.07,0.92,0.01
2765,0.04,0.90,0.06
2766,0.28,0.01,0.71
2767,0.84,0.09,0.07
2768,0.54,0.02,0.44
2769,0.98,0.02,0.01
2770,0.34,0.61,0.05
2771,0.83,0.04,0.12
2772,0.03,0.01,0.96
2773,0.95,0.04,0.01
2774,0.02,0.00,0.98
2775,0.92,0.05,0.03
2776,0.55,0.12,0.33
2777,0.85,0.08,0.07
2778,0.02,0.97,0.01
2779,0.33,0.49,0.18
2780,0.87,0.05,0.08
2781,0.02,0.00,0.98
2782,0.63,0.16,0.20
2783,0.91,0.06,0.03
2784,0.07,0.01,0.92
2785,0.51,0.30,0.19
2786,0.81,0.10,0.09
2787,0.05,0.92,0.03
2788,0.26,0.06,0.68
2789,0.07,0.49,0.44
2790,0.46,0.03,0.52
2791,0.41,0.46,0.13
2792,0.12,0.22,0.66
2793,0.56,0.10,0.34
2794,0.36,0.42,0.22
2795,0.03,0.97,0.00
2796,0.66,0.15,0.19
2797,0.02,0.98,0.00
2798,0.55,0.34,0.11
2799,0.22,0.05,0.74
2800,0.16,0.83,0.01
2801,0.02,0.97,0.01
2802,0.12,0.02,0.86
2803,0.74,0.21,0.05
2804,0.07,0.83,0.10
2805,0.09,0.19,0.72
2806,0.20,0.70,0.11
2807,0.02,0.00,0.98
2808,0.29,0.06,0.66
2809,0.18,0.22,0.59
2810,0.08,0.74,0.18
2811,0.16,0.10,0.74
2812,0.39,0.23,0.37
2813,0.92,0.04,0.05
2814,0.03,0.96,0.01
2815,0.94,0.04,0.02
2816,0.81,0.16,0.03
2817,0.02,0.97,0.01
2818,0.51,0.45,0.04
2819,0.25,0.27,0.48
2820,0.81,0.07,0.12
2821,0.97,0.01,0.03
2822,0.85,0.10,0.05
2823,0.60,0.25,0.15
2824,0.91,0.03,0.06
2825,0.01,0.99,0.00
2826,0.27,0.48,0.25
2827,0.29,0.28,0.43
2828,0.03,0.96,0.01
2829,0.28,0.68,0.03
2830,0.95,0.04,0.01
2831,0.99,0.00,0.01
2832,0.03,0.94,0.03
2833,0.67,0.06,0.28
2834,0.05,0.95,0.00
2835,0.05,0.01,0.94
2836,0.41,0.10,0.49
2837,0.10,0.03,0.87
2838,0.51,0.39,0.10
2839,0.53,0.30,0.17
2840,0.91,0.05,0.04
2841,0.07,0.11,0.82
2842,0.65,0.17,0.18
2843,0.54,0.05,0.41
2844,0.63,0.10,0.27
2845,0.05,0.92,0.02
2846,0.68,0.15,0.17
2847,0.15,0.17,0.69
2848,0.14,0.84,0.02
2849,0.94,0.03,0.03
2850,0.04,0.93,0.03
2851,0.38,0.02,0.60
2852,0.07,0.02,0.91
2853,0.06,0.91,0.04
2854,0.83,0.07,0.11
2855,0.60,0.37,0.03
2856,0.76,0.11,0.13
2857,0.20,0.08,0.71
2858,0.15,0.61,0.24
2859,0.12,0.78,0.10
2860,0.86,0.11,0.04
2861,0.24,0.01,0.74
2862,0.85,0.14,0.01
2863,0.01,0.99,0.00
2864,0.12,0.00,0.88
2865,0.07,0.89,0.04
2866,0.81,0.09,0.10
2867,0.97,0.01,0.02
2868,0.05,0.06,0.88
2869,0.15,0.79,0.07
2870,0.55,0.36,0.09
2871,0.39,0.09,0.52
2872,0.93,0.02,0.05
2873,0.39,0.14,0.47
2874,0.05,0.69,0.26
2875,0.38,0.23,0.39
2876,0.69,0.28,0.03
2877,0.81,0.09,0.10
2878,0.94,0.05,0.01
2879,0.34,0.05,0.61
2880,0.08,0.77,0.15
2881,0.01,0.98,0.01
2882,0.27,0.69,0.04
2883,0.06,0.91,0.03
2884,0.63,0.03,0.34
2885,0.09,0.02,0.89
2886,0.12,0.06,0.82
2887,0.05,0.94,0.01
2888,0.67,0.30,0.03
2889,0.04,0.01,0.95
2890,0.03,0.95,0.01
2891,0.77,0.09,0.14
2892,0.22,0.67,0.11
2893,0.20,0.05,0.76
2894,0.83,0.03,0.14
2895,0.37,0.32,0.30
2896,0.54,0.03,0.43
2897,0.07,0.05,0.88
2898,0.68,0.05,0.27
2899,0.86,0.11,0.03
2900,0.85,0.11,0.04
2901,0.08,0.00,0.92
2902,0.51,0.14,0.35
2903,0.95,0.00,0.04
2904,0.95,0.04,0.01
2905,0.73,0.20,0.07
2906,0.15,0.05,0.80
2907,0.31,0.47,0.22
2908,0.16,0.76,0.08
2909,0.32,0.66,0.01
2910,0.65,0.11,0.25
2911,0.90,0.08,0.02
2912,0.93,0.02,0.04
2913,0.95,0.01,0.04
2914,0.54,0.45,0.02
2915,0.26,0.22,0.52
2916,0.04,0.01,0.95
2917,0.05,0.01,0.94
2918,0.84,0.09,0.07
2919,0.01,0.98,0.00
2920,0.03,0.02,0.96
2921,0.88,0.05,0.08
2922,0.84,0.15,0.01
2923,0.80,0.09,0.11
2924,0.14,0.83,0.03
2925,0.43,0.14,0.43
2926,0.15,0.85,0.00
2927,0.10,0.65,0.24
2928,0.15,0.03,0.81
2929,0.26,0.47,0.27
2930,0.17,0.01,0.82
2931,0.77,0.12,0.12
2932,0.54,0.03,0.42
2933,0.31,0.14,0.55
2934,0.86,0.09,0.05
2935,0.90,0.07,0.03
2936,0.55,0.17,0.28
2937,0.19,0.02,0.80
2938,0.06,0.54,0.40
2939,0.02,0.97,0.01
2940,0.90,0.05,0.05
2941,0.33,0.59,0.08
2942,0.08,0.04,0.88
2943,0.86,0.08,0.06
2944,0.19,0.43,0.38
2945,0.84,0.05,0.11
2946,0.11,0.86,0.03
2947,0.07,0.04,0.89
2948,0.43,0.05,0.52
2949,0.53,0.03,0.43
2950,0.03,0.97,0.00
2951,0.46,0.51,0.04
2952,0.05,0.94,0.01
2953,0.09,0.64,0.27
2954,0.08,0.82,0.10
2955,0.96,0.03,0.00
2956,0.63,0.29,0.07
2957,0.98,0.01,0.01
2958,0.62,0.07,0.32
2959,0.02,0.97,0.01
2960,0.01,0.98,0.01
2961,0.27,0.01,0.72
2962,0.19,0.47,0.34
2963,0.19,0.02,0.79
2964,0.60,0.26,0.15
2965,0.05,0.52,0.43
2966,0.11,0.85,0.04
2967,0.76,0.17,0.07
2968,0.03,0.96,0.01
2969,0.74,0.19,0.07
2970,0.05,0.01,0.94
2971,0.06,0.91,0.03
2972,0.07,0.57,0.36
2973,0.93,0.04,0.03
2974,0.88,0.09,0.02
2975,0.45,0.01,0.53
2976,0.89,0.08,0.03
2977,0.31,0.68,0.01
2978,0.05,0.83,0.12
2979,0.90,0.09,0.02
2980,0.75,0.04,0.21
2981,0.16,0.81,0.03
2982,0.02,0.00,0.98
2983,0.09,0.86,0.05
2984,0.05,0.86,0.10
2985,0.62,0.37,0.02
2986,0.13,0.01,0.87
2987,0.60,0.32,0.07
2988,0.84,0.02,0.13
2989,0.06,0.01,0.93
2990,0.06,0.09,0.85
2991,0.74,0.14,0.12
2992,0.09,0.87,0.05
2993,0.22,0.12,0.66
2994,0.85,0.09,0.06
2995,0.67,0.07,0.26
2996,0.58,0.03,0.38
2997,0.40,0.54,0.06
2998,0.08,0.01,0.90
2999,0.02,0.98,0.00
3000,0.58,0.38,0.04
3001,0.01,0.99,0.01
3002,0.22,0.72,0.06
3003,0.89,0.03,0.08
3004,0.64,0.12,0.24
3005,0.56,0.25,0.19
3006,0.06,0.01,0.93
3007,0.19,0.75,0.06
3008,0.47,0.50,0.03
3009,0.91,0.08,0.01
3010,0.07,0.02,0.91
3011,0.15,0.75,0.10
3012,0.12,0.85,0.03
3013,0.18,0.75,0.07
3014,0.45,0.28,0.27
3015,0.73,0.24,0.03
3016,0.34,0.12,0.55
3017,0.89,0.05,0.06
3018,0.29,0.68,0.03
3019,0.87,0.04,0.08
3020,0.06,0.91,0.02
3021,0.15,0.79,0.07
3022,0.86,0.08,0.06
3023,0.72,0.03,0.25
3024,0.39,0.51,0.09
3025,0.04,0.03,0.93
3026,0.29,0.62,0.09
3027,0.06,0.02,0.92
3028,0.13,0.09,0.77
3029,0.32,0.20,0.48
3030,0.39,0.15,0.46
3031,0.60,0.36,0.04
3032,0.39,0.56,0.06
3033,0.66,0.09,0.25
3034,0.50,0.08,0.42
3035,0.19,0.02,0.79
3036,0.08,0.91,0.01
3037,0.41,0.48,0.12
3038,0.11,0.00,0.89
3039,0.04,0.94,0.02
3040,0.14,0.83,0.02
3041,0.06,0.87,0.07
3042,0.86,0.13,0.01
3043,0.89,0.06,0.05
3044,0.10,0.89,0.01
3045,0.46,0.52,0.01
3046,0.10,0.31,0.59
3047,0.88,0.09,0.03
3048,0.49,0.03,0.48
3049,0.02,0.01,0.97
3050,0.90,0.06,0.04
3051,0.83,0.13,0.05
3052,0.71,0.10,0.19
3053,0.15,0.84,0.01
3054,0.26,0.72,0.02
3055,0.32,0.11,0.57
3056,0.01,0.00,0.98
3057,0.76,0.10,0.14
3058,0.08,0.01,0.91
3059,0.64,0.06,0.30
3060,0.20,0.02,0.77
3061,0.84,0.09,0.08
3062,0.81,0.14,0.04
3063,0.72,0.19,0.09
3064,0.97,0.01,0.02
3065,0.00,0.00,1.00
3066,0.98,0.02,0.00
3067,0.94,0.02,0.04
3068,0.07,0.87,0.06
3069,0.91,0.06,0.03
3070,0.04,0.01,0.95
3071,0.48,0.34,0.18
3072,0.06,0.88,0.06
3073,0.87,0.12,0.01
3074,0.39,0.02,0.59
3075,0.00,1.00,0.00
3076,0.07,0.92,0.01
3077,0.25,0.71,0.05
3078,0.78,0.02,0.20
3079,0.27,0.63,0.10
3080,0.92,0.06,0.02
3081,0.73,0.26,0.01
3082,0.88,0.02,0.10
3083,0.28,0.11,0.61
3084,0.46,0.52,0.03
3085,0.93,0.03,0.04
3086,0.16,0.00,0.84
3087,0.38,0.31,0.30
3088,0.03,0.94,0.03
3089,0.09,0.90,0.01
3090,0.39,0.30,0.31
3091,0.04,0.96,0.00
3092,0.51,0.02,0.47
3093,0.06,0.04,0.90
3094,0.61,0.07,0.32
3095,0.04,0.95,0.02
3096,0.65,0.07,0.27
3097,0.89,0.05,0.06
3098,0.94,0.03,0.03
3099,0.10,0.74,0.16
3100,0.51,0.39,0.10
3101,0.94,0.01,0.05
3102,0.03,0.04,0.93
3103,0.14,0.02,0.84
3104,0.20,0.22,0.59
3105,0.21,0.71,0.08
3106,0.06,0.03,0.91
3107,0.81,0.16,0.03
3108,0.08,0.90,0.02
3109,0.04,0.01,0.95
3110,0.21,0.76,0.03
3111,0.01,0.99,0.01
3112,0.26,0.15,0.59
3113,0.82,0.03,0.15
3114,0.14,0.72,0.14
3115,0.02,0.89,0.09
3116,0.16,0.81,0.03
3117,0.02,0.00,0.98
3118,0.05,0.01,0.95
3119,0.52,0.42,0.06
3120,0.02,0.98,0.00
3121,0.02,0.00,0.98
3122,0.03,0.01,0.96
3123,0.02,0.97,0.00
3124,0.02,0.91,0.07
3125,0.01,0.99,0.00
3126,0.05,0.02,0.93
3127,0.71,0.16,0.13
3128,0.96,0.02,0.01
3129,0.77,0.12,0.11
3130,0.39,0.01,0.60
3131,0.08,0.25,0.67
3132,0.68,0.07,0.24
3133,0.97,0.02,0.01
3134,0.72,0.22,0.06
3135,0.03,0.97,0.00
3136,0.06,0.67,0.26
3137,0.37,0.62,0.02
3138,0.27,0.20,0.53
3139,0.10,0.77,0.12
3140,0.79,0.12,0.09
3141,0.03,0.02,0.95
3142,0.04,0.01,0.94
3143,0.10,0.10,0.80
3144,0.01,0.98,0.00
3145,0.86,0.11,0.03
3146,0.02,0.98,0.01
3147,0.94,0.03,0.03
3148,0.09,0.91,0.01
3149,0.01,0.99,0.00
3150,0.70,0.22,0.08
3151,0.71,0.10,0.19
3152,0.99,0.00,0.01
3153,0.14,0.83,0.03
3154,0.85,0.14,0.01
3155,0.39,0.43,0.17
3156,0.04,0.00,0.96
3157,0.01,0.00,0.98
3158,0.52,0.12,0.36
3159,0.13,0.80,0.06
3160,0.96,0.03,0.01
3161,0.28,0.10,0.62
3162,0.08,0.91,0.01
3163,0.03,0.96,0.01
3164,0.91,0.08,0.01
3165,0.01,0.98,0.00
3166,0.09,0.33,0.57
3167,0.15,0.04,0.81
3168,0.18,0.65,0.17
3169,0.05,0.94,0.01
3170,0.93,0.00,0.07
3171,0.06,0.03,0.91
3172,0.03,0.93,0.04
3173,0.89,0.04,0.07
3174,0.46,0.01,0.52
3175,0.30,0.06,0.64
3176,0.23,0.73,0.04
3177,0.06,0.06,0.89
3178,0.05,0.02,0.92
3179,0.10,0.88,0.02
3180,0.85,0.07,0.08
3181,0.36,0.49,0.15
3182,0.49,0.02,0.49
3183,0.10,0.81,0.09
3184,0.78,0.01,0.21
3185,0.95,0.03,0.02
3186,0.86,0.05,0.10
3187,0.78,0.18,0.05
3188,0.98,0.01,0.01
3189,0.19,0.78,0.03
3190,0.46,0.04,0.50
3191,0.01,0.97,0.02
3192,0.94,0.03,0.03
3193,0.78,0.15,0.07
3194,0.97,0.02,0.02
3195,0.55,0.21,0.24
3196,0.67,0.03,0.30
3197,0.50,0.37,0.14
3198,0.39,0.15,0.46
3199,0.28,0.58,0.14
3200,0.82,0.11,0.07
3201,0.91,0.06,0.03
3202,0.46,0.16,0.38
3203,0.27,0.70,0.02
3204,0.13,0.66,0.20
3205,0.99,0.01,0.00
3206,0.38,0.50,0.12
3207,0.03,0.93,0.04
3208,0.81,0.16,0.02
3209,0.91,0.06,0.03
3210,0.56,0.04,0.40
3211,0.09,0.17,0.74
3212,0.78,0.05,0.17
3213,0.03,0.01,0.96
3214,0.67,0.16,0.17
3215,0.03,0.02,0.96
3216,0.06,0.94,0.01
3217,0.97,0.02,0.01
3218,0.22,0.03,0.76
3219,0.69,0.28,0.03
3220,0.11,0.87,0.01
3221,0.75,0.24,0.01
3222,0.94,0.04,0.03
3223,0.05,0.03,0.92
3224,0.80,0.14,0.06
3225,0.98,0.02,0.01
3226,0.89,0.05,0.05
3227,0.46,0.22,0.33
3228,0.06,0.83,0.10
3229,0.27,0.06,0.67
3230,0.70,0.20,0.10
3231,0.92,0.06,0.02
3232,0.05,0.91,0.03
3233,0.10,0.09,0.81
3234,0.56,0.04,0.40
3235,0.82,0.12,0.06
3236,0.65,0.19,0.16
3237,0.02,0.97,0.01
3238,0.04,0.96,0.01
3239,0.05,0.02,0.93
3240,0.02,0.01,0.97
3241,0.88,0.08,0.04
3242,0.16,0.53,0.31
3243,0.88,0.08,0.03
3244,0.27,0.19,0.54
3245,0.50,0.13,0.37
3246,0.10,0.29,0.61
3247,0.06,0.53,0.41
3248,0.03,0.94,0.03
3249,0.87,0.02,0.11
3250,0.01,0.98,0.01
3251,0.84,0.14,0.02
3252,0.02,0.97,0.00
3253,0.04,0.90,0.06
3254,0.60,0.27,0.13
3255,0.10,0.77,0.13
3256,0.01,0.00,0.99
3257,0.03,0.95,0.01
3258,0.96,0.03,0.01
3259,0.72,0.23,0.05
3260,0.91,0.02,0.07
3261,0.62,0.09,0.29
3262,0.68,0.25,0.07
3263,0.02,0.98,0.00
3264,0.13,0.06,0.81
3265,0.03,0.96,0.01
3266,0.19,0.01,0.80
3267,0.96,0.01,0.03
3268,0.02,0.96,0.01
3269,0.55,0.10,0.35
3270,0.17,0.77,0.06
3271,0.08,0.91,0.01
3272,0.82,0.15,0.03
3273,0.21,0.24,0.56
3274,0.51,0.18,0.31
3275,0.17,0.12,0.71
3276,0.50,0.02,0.48
3277,0.91,0.05,0.04
3278,0.35,0.63,0.02
3279,0.73,0.12,0.15
3280,0.68,0.03,0.29
3281,0.02,0.00,0.97
3282,0.99,0.01,0.00
3283,0.08,0.05,0.87
3284,0.02,0.97,0.01
3285,0.11,0.73,0.16
3286,0.56,0.11,0.33
3287,0.05,0.92,0.02
3288,0.92,0.01,0.07
3289,0.21,0.67,0.11
3290,0.12,0.07,0.80
3291,0.87,0.07,0.06
3292,0.48,0.44,0.08
3293,0.04,0.00,0.95
3294,0.79,0.02,0.19
3295,0.26,0.05,0.69
3296,0.06,0.18,0.76
3297,0.72,0.21,0.07
3298,0.13,0.10,0.77
3299,0.04,0.95,0.01
3300,0.67,0.27,0.06
3301,0.03,0.95,0.01
3302,0.79,0.09,0.12
3303,0.05,0.78,0.17
3304,0.08,0.02,0.90
3305,0.26,0.53,0.21
3306,0.55,0.43,0.02
3307,0.32,0.04,0.63
3308,0.09,0.65,0.26
3309,0.49,0.05,0.47
3310,0.05,0.00,0.95
3311,0.92,0.07,0.02
3312,0.17,0.80,0.03
3313,0.04,0.19,0.78
3314,0.26,0.34,0.40
3315,0.63,0.33,0.04
3316,0.85,0.03,0.13
3317,0.79,0.15,0.06
3318,0.03,0.94,0.03
3319,0.55,0.43,0.02
3320,0.84,0.02,0.13
3321,0.03,0.94,0.03
3322,0.02,0.94,0.03
3323,0.24,0.03,0.73
3324,0.03,0.96,0.01
3325,0.22,0.57,0.22
3326,0.38,0.59,0.03
3327,0.31,0.10,0.59
3328,0.81,0.13,0.06
3329,0.71,0.20,0.09
3330,0.92,0.06,0.01
3331,0.72,0.25,0.03
3332,0.20,0.03,0.77
3333,0.26,0.72,0.02
3334,0.81,0.07,0.12
3335,0.96,0.01,0.03
3336,0.89,0.09,0.02
3337,0.12,0.03,0.84
3338,0.77,0.00,0.23
3339,0.82,0.14,0.04
3340,0.91,0.05,0.05
3341,0.05,0.65,0.30
3342,0.29,0.08,0.63
3343,0.14,0.54,0.32
3344,0.40,0.01,0.59
3345,0.38,0.41,0.21
3346,0.94,0.05,0.01
3347,0.87,0.10,0.03
3348,0.87,0.04,0.09
3349,0.18,0.37,0.45
3350,0.39,0.59,0.02
3351,0.20,0.08,0.72
3352,0.02,0.00,0.98
3353,0.09,0.01,0.90
3354,0.01,0.00,0.99
3355,0.25,0.02,0.72
3356,0.88,0.08,0.04
3357,0.85,0.14,0.02
3358,0.31,0.66,0.02
3359,0.39,0.43,0.18
3360,0.69,0.29,0.03
3361,0.07,0.89,0.04
3362,0.39,0.17,0.45
3363,0.01,0.00,0.99
3364,0.35,0.07,0.57
3365,0.03,0.00,0.97
3366,0.06,0.92,0.02
3367,0.06,0.01,0.93
3368,0.47,0.08,0.45
3369,0.82,0.08,0.10
3370,1.00,0.00,0.00
3371,0.85,0.05,0.11
3372,0.91,0.09,0.01
3373,0.00,0.99,0.00
3374,0.72,0.09,0.18
3375,0.88,0.04,0.08
3376,0.38,0.48,0.14
3377,0.16,0.05,0.79
3378,0.93,0.05,0.02
3379,0.03,0.95,0.01
3380,0.32,0.01,0.67
3381,0.02,0.98,0.00
3382,0.81,0.12,0.08
3383,0.52,0.10,0.38
3384,0.37,0.12,0.51
3385,0.69,0.22,0.09
3386,0.22,0.75,0.03
3387,0.09,0.84,0.07
3388,0.19,0.01,0.80
3389,0.90,0.07,0.03
3390,0.55,0.01,0.44
3391,0.02,0.94,0.04
3392,0.01,0.99,0.01
3393,0.29,0.68,0.03
3394,0.68,0.19,0.12
3395,0.32,0.60,0.08
3396,0.84,0.03,0.12
3397,0.17,0.79,0.04
3398,0.02,0.96,0.02
3399,0.08,0.00,0.92
3400,0.90,0.08,0.02
3401,0.22,0.72,0.06
3402,0.71,0.24,0.05
3403,0.92,0.04,0.04
3404,0.37,0.07,0.56
3405,0.14,0.03,0.84
3406,0.82,0.09,0.09
3407,0.92,0.05,0.03
3408,0.04,0.95,0.01
3409,0.14,0.84,0.02
3410,0.18,0.78,0.04
3411,0.03,0.94,0.02
3412,0.49,0.03,0.48
3413,0.76,0.08,0.16
3414,0.06,0.90,0.04
3415,0.72,0.07,0.21
3416,0.01,0.99,0.00
3417,0.01,0.00,0.99
3418,0.49,0.04,0.47
3419,0.63,0.29,0.08
3420,0.50,0.47,0.04
3421,0.56,0.12,0.32
3422,0.93,0.03,0.04
3423,0.94,0.02,0.04
3424,0.77,0.15,0.08
3425,0.03,0.95,0.02
3426,0.71,0.05,0.25
3427,0.87,0.08,0.05
3428,0.99,0.00,0.01
3429,0.03,0.88,0.09
3430,0.44,0.54,0.02
3431,0.01,0.00,0.99
3432,0.63,0.32,0.05
3433,0.86,0.11,0.03
3434,0.02,0.96,0.02
3435,0.29,0.01,0.70
3436,0.90,0.06,0.05
3437,0.08,0.92,0.00
3438,0.39,0.00,0.60
3439,0.08,0.08,0.84
3440,0.18,0.03,0.79
3441,0.04,0.90,0.07
3442,0.04,0.96,0.01
3443,0.65,0.01,0.34
3444,0.15,0.07,0.78
3445,0.62,0.02,0.37
3446,0.90,0.02,0.08
3447,0.02,0.98,0.00
3448,0.05,0.93,0.01
3449,0.11,0.82,0.07
3450,0.72,0.10,0.18
3451,0.27,0.71,0.02
3452,0.62,0.33,0.06
3453,0.89,0.04,0.06
3454,0.01,0.97,0.01
3455,0.91,0.03,0.07
3456,0.31,0.37,0.32
3457,0.05,0.94,0.02
3458,0.55,0.02,0.43
3459,0.79,0.18,0.03
3460,0.03,0.05,0.92
3461,0.02,0.97,0.01
3462,0.56,0.04,0.40
3463,0.58,0.39,0.03
3464,0.94,0.01,0.05
3465,0.03,0.96,0.01
3466,0.16,0.80,0.04
3467,0.07,0.75,0.18
3468,0.42,0.17,0.41
3469,0.17,0.76,0.07
3470,0.36,0.25,0.39
3471,0.01,0.00,0.99
3472,0.64,0.09,0.27
3473,0.94,0.05,0.01
3474,0.04,0.95,0.01
3475,0.29,0.24,0.47
3476,0.01,0.00,0.98
3477,0.75,0.10,0.15
3478,0.25,0.54,0.21
3479,0.65,0.13,0.22
3480,0.64,0.08,0.28
3481,0.23,0.67,0.11
3482,0.14,0.73,0.14
3483,0.32,0.66,0.02
3484,0.80,0.15,0.05
3485,0.90,0.09,0.02
3486,0.99,0.01,0.00
3487,0.05,0.27,0.67
3488,0.80,0.16,0.03
3489,0.73,0.25,0.02
3490,0.36,0.62,0.02
3491,0.04,0.00,0.96
3492,0.17,0.05,0.77
3493,0.77,0.17,0.06
3494,0.26,0.31,0.42
3495,0.03,0.94,0.03
3496,0.95,0.04,0.01
3497,0.36,0.47,0.17
3498,0.06,0.15,0.79
3499,0.25,0.72,0.03
3500,0.78,0.14,0.09
3501,0.86,0.03,0.11
3502,0.42,0.46,0.12
3503,0.56,0.01,0.43
3504,0.00,1.00,0.00
3505,0.59,0.05,0.36
3506,0.94,0.05,0.01
3507,0.65,0.08,0.27
3508,0.09,0.89,0.03
3509,0.95,0.05,0.00
3510,0.60,0.18,0.22
3511,0.28,0.64,0.07
3512,0.04,0.94,0.02
3513,0.96,0.03,0.01
3514,0.92,0.04,0.04
3515,0.68,0.19,0.14
3516,0.02,0.96,0.01
3517,0.69,0.19,0.12
3518,0.37,0.05,0.59
3519,0.20,0.47,0.33
3520,0.89,0.09,0.01
3521,0.12,0.00,0.88
3522,0.32,0.67,0.01
3523,0.21,0.17,0.61
3524,0.12,0.11,0.77
3525,0.93,0.03,0.04
3526,0.14,0.07,0.79
3527,0.59,0.04,0.37
3528,0.01,0.99,0.01
3529,0.42,0.04,0.54
3530,0.07,0.01,0.92
3531,0.80,0.12,0.07
3532,0.45,0.51,0.05
3533,0.36,0.51,0.13
3534,0.65,0.31,0.04
3535,0.02,0.00,0.97
3536,0.13,0.02,0.85
3537,0.59,0.06,0.34
3538,0.09,0.87,0.04
3539,0.80,0.09,0.12
3540,0.23,0.03,0.74
3541,0.06,0.15,0.80
3542,0.86,0.07,0.08
3543,0.85,0.10,0.05
3544,0.37,0.57,0.06
3545,0.66,0.22,0.12
3546,0.11,0.00,0.89
3547,0.30,0.15,0.54
3548,0.08,0.07,0.85
3549,0.32,0.32,0.36
3550,0.05,0.01,0.94
3551,0.09,0.03,0.87
3552,0.07,0.91,0.02
3553,0.64,0.09,0.26
3554,0.48,0.44,0.08
3555,0.19,0.23,0.59
3556,0.83,0.14,0.04
3557,0.21,0.26,0.53
3558,0.24,0.38,0.38
3559,0.44,0.06,0.50
3560,0.78,0.06,0.17
3561,0.50,0.25,0.24
3562,0.02,0.00,0.98
3563,0.49,0.44,0.08
3564,0.62,0.18,0.20
3565,0.18,0.78,0.04
3566,0.05,0.89,0.06
3567,0.55,0.09,0.36
3568,0.94,0.03,0.03
3569,0.69,0.10,0.21
3570,0.85,0.10,0.05
3571,0.72,0.24,0.05
3572,0.05,0.03,0.92
3573,0.92,0.06,0.02
3574,0.95,0.03,0.02
3575,0.09,0.01,0.91
3576,0.97,0.02,0.01
3577,0.02,0.01,0.97
3578,0.82,0.13,0.05
3579,0.11,0.02,0.87
3580,0.07,0.04,0.90
3581,0.44,0.50,0.05
3582,0.20,0.79,0.00
3583,0.58,0.37,0.05
3584,0.07,0.02,0.91
3585,0.24,0.17,0.59
3586,0.09,0.81,0.10
3587,0.78,0.01,0.21
3588,0.90,0.04,0.06
3589,0.04,0.01,0.95
3590,0.69,0.15,0.15
3591,0.84,0.09,0.07
3592,0.07,0.03,0.90
3593,0.89,0.05,0.06
3594,0.00,0.00,1.00
3595,0.00,0.99,0.00
3596,0.39,0.40,0.21
3597,0.76,0.18,0.06
3598,0.07,0.75,0.18
3599,0.89,0.09,0.02
3600,0.05,0.94,0.01
3601,0.31,0.62,0.07
3602,0.12,0.01,0.87
3603,0.25,0.10,0.64
3604,0.34,0.19,0.47
3605,0.11,0.58,0.31
3606,0.29,0.13,0.58
3607,0.97,0.02,0.01
3608,0.44,0.13,0.44
3609,0.22,0.75,0.03
3610,0.79,0.03,0.18
3611,0.69,0.21,0.10
3612,0.92,0.03,0.05
3613,0.68,0.24,0.08
3614,0.94,0.04,0.01
3615,0.01,0.00,0.99
3616,0.57,0.21,0.22
3617,0.59,0.01,0.40
3618,0.82,0.16,0.02
3619,0.65,0.32,0.03
3620,0.30,0.04,0.66
3621,0.91,0.06,0.03
3622,0.18,0.42,0.40
3623,0.18,0.01,0.81
3624,0.11,0.03,0.86
3625,0.84,0.12,0.04
3626,0.19,0.10,0.70
3627,0.74,0.06,0.20
3628,0.92,0.04,0.04
3629,0.70,0.26,0.04
3630,0.61,0.11,0.28
3631,0.65,0.06,0.29
3632,0.19,0.71,0.09
3633,0.92,0.06,0.03
3634,0.07,0.92,0.01
3635,0.70,0.16,0.14
3636,0.39,0.44,0.18
3637,0.10,0.01,0.89
3638,0.12,0.03,0.85
3639,0.74,0.08,0.17
3640,0.02,0.96,0.02
3641,0.66,0.15,0.19
3642,0.08,0.03,0.89
3643,0.82,0.01,0.18
3644,0.74,0.16,0.11
3645,0.07,0.67,0.26
3646,0.61,0.16,0.23
3647,0.66,0.07,0.28
3648,0.10,0.04,0.86
3649,0.93,0.01,0.06
3650,0.39,0.55,0.06
3651,0.78,0.05,0.17
3652,0.08,0.90,0.02
3653,0.02,0.96,0.01
3654,0.01,0.98,0.01
3655,0.14,0.84,0.02
3656,0.16,0.25,0.59
3657,0.94,0.04,0.02
3658,0.51,0.03,0.45
3659,0.78,0.03,0.18
3660,0.04,0.96,0.01
3661,0.86,0.10,0.04
3662,0.51,0.37,0.13
3663,0.56,0.40,0.04
3664,0.02,0.02,0.95
3665,0.87,0.05,0.08
3666,0.67,0.06,0.27
3667,0.05,0.01,0.94
3668,0.94,0.04,0.02
3669,0.87,0.08,0.05
3670,0.10,0.88,0.03
3671,0.00,1.00,0.00
3672,0.56,0.08,0.35
3673,0.75,0.09,0.17
3674,0.74,0.04,0.22
3675,0.73,0.11,0.16
3676,0.15,0.10,0.76
3677,0.00,0.00,1.00
3678,0.89,0.06,0.04
3679,0.23,0.12,0.65
3680,0.43,0.02,0.55
3681,0.15,0.16,0.70
3682,0.48,0.06,0.47
3683,0.86,0.12,0.02
3684,0.10,0.20,0.70
3685,0.48,0.44,0.08
3686,0.16,0.09,0.75
3687,0.67,0.04,0.28
3688,0.10,0.01,0.89
3689,0.68,0.17,0.15
3690,0.04,0.01,0.96
3691,0.76,0.21,0.03
3692,0.04,0.01,0.96
3693,0.90,0.06,0.04
3694,0.05,0.95,0.00
3695,0.73,0.03,0.24
3696,0.21,0.14,0.66
3697,0.36,0.08,0.56
3698,0.81,0.12,0.07
3699,0.04,0.95,0.01
3700,0.09,0.81,0.10
3701,0.96,0.02,0.02
3702,0.55,0.15,0.29
3703,0.01,0.98,0.01
3704,0.61,0.05,0.35
3705,0.10,0.11,0.79
3706,0.07,0.00,0.92
3707,0.95,0.03,0.02
3708,0.06,0.04,0.91
3709,0.11,0.13,0.76
3710,0.91,0.04,0.05
3711,0.36,0.46,0.18
3712,0.20,0.04,0.75
3713,0.06,0.90,0.05
3714,0.10,0.04,0.86
3715,0.08,0.01,0.92
3716,0.92,0.04,0.03
3717,0.60,0.22,0.18
3718,0.70,0.24,0.06
3719,0.04,0.95,0.01
3720,0.48,0.48,0.04
3721,0.88,0.02,0.10
3722,0.07,0.92,0.01
3723,0.03,0.00,0.97
3724,0.32,0.01,0.67
3725,0.22,0.74,0.03
3726,0.15,0.01,0.84
3727,0.57,0.06,0.37
3728,0.51,0.31,0.17
3729,0.44,0.02,0.55
3730,0.89,0.05,0.06
3731,0.46,0.49,0.05
3732,0.06,0.91,0.03
3733,0.82,0.08,0.10
3734,0.27,0.10,0.63
3735,0.96,0.03,0.01
3736,0.03,0.95,0.02
3737,0.49,0.02,0.49
3738,0.04,0.79,0.17
3739,0.79,0.02,0.19
3740,0.73,0.01,0.26
3741,0.08,0.88,0.05
3742,0.90,0.03,0.07
3743,0.85,0.09,0.06
3744,0.75,0.06,0.19
3745,0.21,0.21,0.57
3746,0.06,0.01,0.94
3747,0.01,0.00,0.99
3748,0.23,0.13,0.64
3749,0.93,0.04,0.03
3750,0.02,0.00,0.98
3751,0.21,0.05,0.75
3752,0.05,0.01,0.94
3753,0.95,0.03,0.02
3754,0.89,0.03,0.08
3755,0.55,0.28,0.17
3756,0.20,0.77,0.04
3757,0.11,0.13,0.77
3758,0.66,0.06,0.28
3759,0.11,0.18,0.71
3760,0.61,0.02,0.36
3761,0.85,0.13,0.02
3762,0.31,0.32,0.37
3763,0.02,0.96,0.01
3764,0.04,0.92,0.04
3765,0.77,0.03,0.20
3766,0.18,0.16,0.66
3767,0.06,0.94,0.00
3768,0.34,0.64,0.02
3769,0.04,0.96,0.00
3770,0.09,0.01,0.90
3771,0.49,0.06,0.45
3772,0.21,0.02,0.77
3773,0.51,0.20,0.29
3774,0.02,0.98,0.00
3775,0.63,0.04,0.33
3776,0.03,0.00,0.97
3777,0.38,0.33,0.29
3778,0.10,0.87,0.03
3779,0.87,0.10,0.03
3780,0.19,0.63,0.17
3781,0.34,0.52,0.14
3782,0.60,0.30,0.10
3783,0.05,0.95,0.00
3784,0.17,0.79,0.04
3785,0.22,0.01,0.78
3786,0.87,0.07,0.06
3787,0.03,0.95,0.02
3788,0.73,0.08,0.19
3789,0.09,0.90,0.01
3790,0.25,0.03,0.72
3791,0.37,0.18,0.45
3792,0.28,0.71,0.01
3793,0.35,0.26,0.39
3794,0.92,0.06,0.02
3795,0.82,0.04,0.14
3796,0.78,0.07,0.15
3797,0.82,0.04,0.14
3798,0.43,0.45,0.12
3799,0.46,0.37,0.17
3800,0.11,0.00,0.88
3801,0.89,0.04,0.07
3802,0.97,0.01,0.02
3803,0.87,0.12,0.01
3804,0.03,0.96,0.01
3805,0.71,0.13,0.16
3806,0.36,0.03,0.61
3807,0.38,0.60,0.02
3808,0.43,0.45,0.11
3809,0.10,0.03,0.88
3810,0.35,0.19,0.46
3811,0.97,0.02,0.01
3812,0.15,0.78,0.06
3813,0.94,0.05,0.02
3814,0.99,0.01,0.01
3815,0.72,0.23,0.05
3816,0.68,0.22,0.10
3817,0.14,0.85,0.01
3818,0.03,0.94,0.03
3819,0.15,0.01,0.84
3820,0.02,0.97,0.00
3821,0.64,0.05,0.32
3822,0.20,0.51,0.29
3823,0.87,0.05,0.08
3824,0.94,0.03,0.02
3825,0.45,0.06,0.49
3826,0.04,0.94,0.02
3827,0.51,0.16,0.33
3828,0.76,0.07,0.18
3829,0.96,0.03,0.02
3830,0.40,0.57,0.02
3831,0.89,0.08,0.02
3832,0.27,0.11,0.62
3833,0.98,0.00,0.01
3834,0.03,0.04,0.93
3835,0.73,0.04,0.23
3836,0.99,0.00,0.01
3837,0.94,0.04,0.02
3838,0.45,0.06,0.48
3839,0.86,0.11,0.03
3840,0.98,0.01,0.01
3841,0.89,0.07,0.05
3842,0.07,0.03,0.91
3843,0.76,0.06,0.18
3844,0.04,0.02,0.95
3845,0.88,0.08,0.03
3846,0.64,0.30,0.05
3847,0.17,0.09,0.74
3848,0.01,0.94,0.05
3849,0.82,0.03,0.15
3850,0.14,0.71,0.15
3851,0.04,0.01,0.95
3852,0.80,0.05,0.15
3853,0.08,0.01,0.91
3854,0.21,0.72,0.07
3855,0.38,0.60,0.03
3856,0.12,0.76,0.12
3857,0.25,0.70,0.05
3858,0.46,0.01,0.53
3859,0.02,0.01,0.97
3860,0.09,0.23,0.68
3861,0.44,0.46,0.10
3862,0.79,0.15,0.06
3863,0.54,0.29,0.16
3864,0.84,0.04,0.12
3865,0.14,0.03,0.84
3866,0.31,0.55,0.14
3867,0.24,0.01,0.75
3868,0.01,0.99,0.00
3869,0.92,0.04,0.04
3870,0.94,0.04,0.02
3871,0.17,0.75,0.07
3872,0.06,0.87,0.07
3873,0.15,0.10,0.75
3874,0.60,0.06,0.34
3875,0.68,0.31,0.01
3876,0.34,0.59,0.07
3877,0.92,0.06,0.01
3878,0.20,0.04,0.77
3879,0.85,0.11,0.04
3880,0.73,0.09,0.18
3881,0.24,0.51,0.25
3882,0.14,0.85,0.01
3883,0.03,0.02,0.95
3884,0.24,0.69,0.07
3885,0.64,0.31,0.05
3886,0.98,0.01,0.01
3887,0.15,0.61,0.24
3888,0.22,0.76,0.02
3889,0.39,0.46,0.15
3890,0.49,0.05,0.47
3891,0.60,0.19,0.21
3892,0.04,0.92,0.03
3893,0.98,0.00,0.02
3894,0.49,0.49,0.02
3895,0.95,0.01,0.04
3896,0.20,0.22,0.58
3897,0.02,0.02,0.96
3898,0.29,0.15,0.56
3899,0.13,0.87,0.00
3900,0.03,0.01,0.96
3901,0.49,0.48,0.03
3902,0.18,0.01,0.81
3903,0.02,0.00,0.97
3904,0.85,0.08,0.07
3905,0.05,0.04,0.92
3906,0.93,0.06,0.01
3907,0.71,0.08,0.21
3908,0.12,0.82,0.06
3909,0.10,0.85,0.05
3910,0.78,0.03,0.19
3911,0.14,0.25,0.62
3912,0.01,0.99,0.00
3913,0.17,0.78,0.06
3914,0.01,0.00,0.99
3915,0.57,0.16,0.28
3916,0.13,0.43,0.44
